<OdfBody CompetitionCode="NSF2023" DocumentCode="FSK-------------------------------" DocumentType="DT_PARTIC_UPDATE" Version="1" FeedFlag="P" Date="2026-01-27" Time="19:35:34" LogicalDate="2026-01-27" Source="KUNFSK1">
  <Competition>
    <Participant Code="9002227" Parent="9002227" Status="ACTIVE" GivenName="Frida Pasko" FamilyName="Hansen" PassportGivenName="Frida Pasko" PassportFamilyName="Hansen" PrintName="Frida Pasko Hansen" PrintInitialName="FR HANSEN" TVName="Frida Pasko HANSEN" TVInitialName="F HANSEN" TVFamilyName="Hansen" Gender="F" Organisation="LIL" BirthDate="" Height="-" Nationality="LIL" MainFunctionId="AA01" Current="true" ModificationIndicator="U">
      <Discipline Code="FSK-------------------------------" IFId="9002227">
        <RegisteredEvent Event="FSKWSINGLES-OPVISN--01------------">
          <EventEntry Type="ENTRY" Code="SB" Pos="0" Value="-" />
          <EventEntry Type="ENTRY" Code="SB" Pos="1" Value="-" />
          <EventEntry Type="ENTRY" Code="SB" Pos="2" Value="-" />
          <EventEntry Type="ENTRY" Code="PB" Pos="0" Value="-" />
          <EventEntry Type="ENTRY" Code="PB" Pos="1" Value="-" />
          <EventEntry Type="ENTRY" Code="PB" Pos="2" Value="-" />
          <EventEntry Type="ER_EXTENDED" Code="ENTRY_ORDER" Pos="0" Value="0" />
          <EventEntry Type="ER_EXTENDED" Code="CLUB" Pos="1" />
          <EventEntry Type="ER_EXTENDED" Code="CLUB" Pos="2" />
          <EventEntry Type="ER_EXTENDED" Code="MUSIC" Pos="1" Value="" />
          <EventEntry Type="ER_EXTENDED" Code="MUSIC" Pos="2" Value="" />
        </RegisteredEvent>
      </Discipline>
    </Participant>
    <Participant Code="10103568" Parent="10103568" Status="ACTIVE" GivenName="Hanna" FamilyName="Tveita" PassportGivenName="Hanna" PassportFamilyName="Tveita" PrintName="Hanna Tveita" PrintInitialName="HA TVEITA" TVName="Hanna TVEITA" TVInitialName="H TVEITA" TVFamilyName="Tveita" Gender="F" Organisation="LIL" BirthDate="" Height="-" Nationality="LIL" MainFunctionId="AA01" Current="true" ModificationIndicator="U">
      <Discipline Code="FSK-------------------------------" IFId="10103568">
        <RegisteredEvent Event="FSKWSINGLES-OPVISN--01------------">
          <EventEntry Type="ENTRY" Code="SB" Pos="0" Value="-" />
          <EventEntry Type="ENTRY" Code="SB" Pos="1" Value="-" />
          <EventEntry Type="ENTRY" Code="SB" Pos="2" Value="-" />
          <EventEntry Type="ENTRY" Code="PB" Pos="0" Value="-" />
          <EventEntry Type="ENTRY" Code="PB" Pos="1" Value="-" />
          <EventEntry Type="ENTRY" Code="PB" Pos="2" Value="-" />
          <EventEntry Type="ER_EXTENDED" Code="ENTRY_ORDER" Pos="0" Value="0" />
          <EventEntry Type="ER_EXTENDED" Code="CLUB" Pos="1" />
          <EventEntry Type="ER_EXTENDED" Code="CLUB" Pos="2" />
          <EventEntry Type="ER_EXTENDED" Code="MUSIC" Pos="1" Value="" />
          <EventEntry Type="ER_EXTENDED" Code="MUSIC" Pos="2" Value="" />
          <EventEntry Type="ER_EXTENDED" Code="ELEMENT_CODE_FREE" Pos="1" Value="T" />
          <EventEntry Type="ER_EXTENDED" Code="ELEMENT_CODE_FREE" Pos="2" Value="USp" />
          <EventEntry Type="ER_EXTENDED" Code="ELEMENT_CODE_FREE" Pos="3" Value="StSq" />
          <EventEntry Type="ER_EXTENDED" Code="ELEMENT_CODE_FREE" Pos="4" Value="1F+1T" />
          <EventEntry Type="ER_EXTENDED" Code="ELEMENT_CODE_FREE" Pos="5" Value="1Lo" />
          <EventEntry Type="ER_EXTENDED" Code="ELEMENT_CODE_FREE" Pos="6" Value="SSp" />
          <EventEntry Type="ER_EXTENDED" Code="ELEMENT_CODE_FREE" Pos="7" Value="1S" />
        </RegisteredEvent>
      </Discipline>
    </Participant>
    <Participant Code="9539388" Parent="9539388" Status="ACTIVE" GivenName="Frida Lovisa" FamilyName="Østerberg" PassportGivenName="Frida Lovisa" PassportFamilyName="Østerberg" PrintName="Frida Lovisa Østerberg" PrintInitialName="FR ØSTERBERG" TVName="Frida Lovisa ØSTERBERG" TVInitialName="F ØSTERBERG" TVFamilyName="Østerberg" Gender="F" Organisation="BKK" BirthDate="" Height="-" Nationality="BKK" MainFunctionId="AA01" Current="true" ModificationIndicator="U">
      <Discipline Code="FSK-------------------------------" IFId="9539388">
        <RegisteredEvent Event="FSKWSINGLES-OPVISN--01------------">
          <EventEntry Type="ENTRY" Code="SB" Pos="0" Value="-" />
          <EventEntry Type="ENTRY" Code="SB" Pos="1" Value="-" />
          <EventEntry Type="ENTRY" Code="SB" Pos="2" Value="-" />
          <EventEntry Type="ENTRY" Code="PB" Pos="0" Value="-" />
          <EventEntry Type="ENTRY" Code="PB" Pos="1" Value="-" />
          <EventEntry Type="ENTRY" Code="PB" Pos="2" Value="-" />
          <EventEntry Type="ER_EXTENDED" Code="ENTRY_ORDER" Pos="0" Value="0" />
          <EventEntry Type="ER_EXTENDED" Code="CLUB" Pos="1" />
          <EventEntry Type="ER_EXTENDED" Code="CLUB" Pos="2" />
          <EventEntry Type="ER_EXTENDED" Code="MUSIC" Pos="1" Value="" />
          <EventEntry Type="ER_EXTENDED" Code="MUSIC" Pos="2" Value="" />
        </RegisteredEvent>
      </Discipline>
    </Participant>
    <Participant Code="9920979" Parent="9920979" Status="ACTIVE" GivenName="Patricija" FamilyName="Levickaite" PassportGivenName="Patricija" PassportFamilyName="Levickaite" PrintName="Patricija Levickaite" PrintInitialName="PA LEVICKAITE" TVName="Patricija LEVICKAITE" TVInitialName="P LEVICKAITE" TVFamilyName="Levickaite" Gender="F" Organisation="BKK" BirthDate="" Height="-" Nationality="BKK" MainFunctionId="AA01" Current="true" ModificationIndicator="U">
      <Discipline Code="FSK-------------------------------" IFId="9920979">
        <RegisteredEvent Event="FSKWSINGLES-OPVISN--01------------">
          <EventEntry Type="ENTRY" Code="SB" Pos="0" Value="-" />
          <EventEntry Type="ENTRY" Code="SB" Pos="1" Value="-" />
          <EventEntry Type="ENTRY" Code="SB" Pos="2" Value="-" />
          <EventEntry Type="ENTRY" Code="PB" Pos="0" Value="-" />
          <EventEntry Type="ENTRY" Code="PB" Pos="1" Value="-" />
          <EventEntry Type="ENTRY" Code="PB" Pos="2" Value="-" />
          <EventEntry Type="ER_EXTENDED" Code="ENTRY_ORDER" Pos="0" Value="0" />
          <EventEntry Type="ER_EXTENDED" Code="CLUB" Pos="1" />
          <EventEntry Type="ER_EXTENDED" Code="CLUB" Pos="2" />
          <EventEntry Type="ER_EXTENDED" Code="MUSIC" Pos="1" Value="" />
          <EventEntry Type="ER_EXTENDED" Code="MUSIC" Pos="2" Value="" />
          <EventEntry Type="ER_EXTENDED" Code="ELEMENT_CODE_FREE" Pos="1" Value="1S" />
          <EventEntry Type="ER_EXTENDED" Code="ELEMENT_CODE_FREE" Pos="2" Value="1T" />
          <EventEntry Type="ER_EXTENDED" Code="ELEMENT_CODE_FREE" Pos="3" Value="SSp" />
          <EventEntry Type="ER_EXTENDED" Code="ELEMENT_CODE_FREE" Pos="4" Value="1S" />
          <EventEntry Type="ER_EXTENDED" Code="ELEMENT_CODE_FREE" Pos="5" Value="1T" />
          <EventEntry Type="ER_EXTENDED" Code="ELEMENT_CODE_FREE" Pos="6" Value="ChSq" />
          <EventEntry Type="ER_EXTENDED" Code="ELEMENT_CODE_FREE" Pos="7" Value="USp" />
        </RegisteredEvent>
      </Discipline>
    </Participant>
    <Participant Code="10116091" Parent="10116091" Status="ACTIVE" GivenName="Aksel" FamilyName="Eriksen" PassportGivenName="Aksel" PassportFamilyName="Eriksen" PrintName="Aksel Eriksen" PrintInitialName="AK ERIKSEN" TVName="Aksel ERIKSEN" TVInitialName="A ERIKSEN" TVFamilyName="Eriksen" Gender="M" Organisation="LIL" BirthDate="" Height="-" Nationality="LIL" MainFunctionId="AA01" Current="true" ModificationIndicator="U">
      <Discipline Code="FSK-------------------------------" IFId="10116091">
        <RegisteredEvent Event="FSKMSINGLES-OPVISN--01------------">
          <EventEntry Type="ENTRY" Code="SB" Pos="0" Value="-" />
          <EventEntry Type="ENTRY" Code="SB" Pos="1" Value="-" />
          <EventEntry Type="ENTRY" Code="SB" Pos="2" Value="-" />
          <EventEntry Type="ENTRY" Code="PB" Pos="0" Value="-" />
          <EventEntry Type="ENTRY" Code="PB" Pos="1" Value="-" />
          <EventEntry Type="ENTRY" Code="PB" Pos="2" Value="-" />
          <EventEntry Type="ER_EXTENDED" Code="ENTRY_ORDER" Pos="0" Value="0" />
          <EventEntry Type="ER_EXTENDED" Code="CLUB" Pos="1" />
          <EventEntry Type="ER_EXTENDED" Code="CLUB" Pos="2" />
          <EventEntry Type="ER_EXTENDED" Code="MUSIC" Pos="1" Value="" />
          <EventEntry Type="ER_EXTENDED" Code="MUSIC" Pos="2" Value="" />
        </RegisteredEvent>
      </Discipline>
    </Participant>
    <Participant Code="10210494" Parent="10210494" Status="ACTIVE" GivenName="Eira Olava Bortne " FamilyName="Ludvigsen" PassportGivenName="Eira Olava Bortne " PassportFamilyName="Ludvigsen" PrintName="Eira Olava Bortne  Ludvigsen" PrintInitialName="EI LUDVIGSEN" TVName="Eira Olava Bortne  LUDVIGSEN" TVInitialName="E LUDVIGSEN" TVFamilyName="Ludvigsen" Gender="F" Organisation="BKK" BirthDate="" Height="-" Nationality="BKK" MainFunctionId="AA01" Current="true" ModificationIndicator="U">
      <Discipline Code="FSK-------------------------------" IFId="10210494">
        <RegisteredEvent Event="FSKWSINGLES-OPVISN--01------------">
          <EventEntry Type="ENTRY" Code="SB" Pos="0" Value="-" />
          <EventEntry Type="ENTRY" Code="SB" Pos="1" Value="-" />
          <EventEntry Type="ENTRY" Code="SB" Pos="2" Value="-" />
          <EventEntry Type="ENTRY" Code="PB" Pos="0" Value="-" />
          <EventEntry Type="ENTRY" Code="PB" Pos="1" Value="-" />
          <EventEntry Type="ENTRY" Code="PB" Pos="2" Value="-" />
          <EventEntry Type="ER_EXTENDED" Code="ENTRY_ORDER" Pos="0" Value="0" />
          <EventEntry Type="ER_EXTENDED" Code="CLUB" Pos="1" />
          <EventEntry Type="ER_EXTENDED" Code="CLUB" Pos="2" />
          <EventEntry Type="ER_EXTENDED" Code="MUSIC" Pos="1" Value="" />
          <EventEntry Type="ER_EXTENDED" Code="MUSIC" Pos="2" Value="" />
        </RegisteredEvent>
      </Discipline>
    </Participant>
    <Participant Code="10269944" Parent="10269944" Status="ACTIVE" GivenName="Aylin" FamilyName="Morseth" PassportGivenName="Aylin" PassportFamilyName="Morseth" PrintName="Aylin Morseth" PrintInitialName="AY MORSETH" TVName="Aylin MORSETH" TVInitialName="A MORSETH" TVFamilyName="Morseth" Gender="F" Organisation="FIL" BirthDate="" Height="-" Nationality="FIL" MainFunctionId="AA01" Current="true" ModificationIndicator="U">
      <Discipline Code="FSK-------------------------------" IFId="10269944">
        <RegisteredEvent Event="FSKWSINGLES-OPVISN--01------------">
          <EventEntry Type="ENTRY" Code="SB" Pos="0" Value="-" />
          <EventEntry Type="ENTRY" Code="SB" Pos="1" Value="-" />
          <EventEntry Type="ENTRY" Code="SB" Pos="2" Value="-" />
          <EventEntry Type="ENTRY" Code="PB" Pos="0" Value="-" />
          <EventEntry Type="ENTRY" Code="PB" Pos="1" Value="-" />
          <EventEntry Type="ENTRY" Code="PB" Pos="2" Value="-" />
          <EventEntry Type="ER_EXTENDED" Code="ENTRY_ORDER" Pos="0" Value="0" />
          <EventEntry Type="ER_EXTENDED" Code="CLUB" Pos="1" />
          <EventEntry Type="ER_EXTENDED" Code="CLUB" Pos="2" />
          <EventEntry Type="ER_EXTENDED" Code="MUSIC" Pos="1" Value="" />
          <EventEntry Type="ER_EXTENDED" Code="MUSIC" Pos="2" Value="" />
          <EventEntry Type="ER_EXTENDED" Code="ELEMENT_CODE_FREE" Pos="1" Value="1S" />
          <EventEntry Type="ER_EXTENDED" Code="ELEMENT_CODE_FREE" Pos="2" Value="1Lz+1T" />
          <EventEntry Type="ER_EXTENDED" Code="ELEMENT_CODE_FREE" Pos="3" Value="USp" />
          <EventEntry Type="ER_EXTENDED" Code="ELEMENT_CODE_FREE" Pos="4" Value="ChSq" />
          <EventEntry Type="ER_EXTENDED" Code="ELEMENT_CODE_FREE" Pos="5" Value="1S+1T" />
          <EventEntry Type="ER_EXTENDED" Code="ELEMENT_CODE_FREE" Pos="6" Value="1T" />
          <EventEntry Type="ER_EXTENDED" Code="ELEMENT_CODE_FREE" Pos="7" Value="USp" />
        </RegisteredEvent>
      </Discipline>
    </Participant>
    <Participant Code="9077466" Parent="9077466" Status="ACTIVE" GivenName="Yuewei" FamilyName="Li" PassportGivenName="Yuewei" PassportFamilyName="Li" PrintName="Yuewei Li" PrintInitialName="YU LI" TVName="Yuewei LI" TVInitialName="Y LI" TVFamilyName="Li" Gender="F" Organisation="BKK" BirthDate="" Height="-" Nationality="BKK" MainFunctionId="AA01" Current="true" ModificationIndicator="U">
      <Discipline Code="FSK-------------------------------" IFId="9077466">
        <RegisteredEvent Event="FSKWSINGLES-OPVISN--01------------">
          <EventEntry Type="ENTRY" Code="SB" Pos="0" Value="-" />
          <EventEntry Type="ENTRY" Code="SB" Pos="1" Value="-" />
          <EventEntry Type="ENTRY" Code="SB" Pos="2" Value="-" />
          <EventEntry Type="ENTRY" Code="PB" Pos="0" Value="-" />
          <EventEntry Type="ENTRY" Code="PB" Pos="1" Value="-" />
          <EventEntry Type="ENTRY" Code="PB" Pos="2" Value="-" />
          <EventEntry Type="ER_EXTENDED" Code="ENTRY_ORDER" Pos="0" Value="0" />
          <EventEntry Type="ER_EXTENDED" Code="CLUB" Pos="1" />
          <EventEntry Type="ER_EXTENDED" Code="CLUB" Pos="2" />
          <EventEntry Type="ER_EXTENDED" Code="MUSIC" Pos="1" Value="" />
          <EventEntry Type="ER_EXTENDED" Code="MUSIC" Pos="2" Value="" />
        </RegisteredEvent>
      </Discipline>
    </Participant>
    <Participant Code="9737012" Parent="9737012" Status="ACTIVE" GivenName="Hennie " FamilyName="Markestad" PassportGivenName="Hennie " PassportFamilyName="Markestad" PrintName="Hennie  Markestad" PrintInitialName="HE MARKESTAD" TVName="Hennie  MARKESTAD" TVInitialName="H MARKESTAD" TVFamilyName="Markestad" Gender="F" Organisation="BKK" BirthDate="" Height="-" Nationality="BKK" MainFunctionId="AA01" Current="true" ModificationIndicator="U">
      <Discipline Code="FSK-------------------------------" IFId="9737012">
        <RegisteredEvent Event="FSKWSINGLES-OPVISN--01------------">
          <EventEntry Type="ENTRY" Code="SB" Pos="0" Value="-" />
          <EventEntry Type="ENTRY" Code="SB" Pos="1" Value="-" />
          <EventEntry Type="ENTRY" Code="SB" Pos="2" Value="-" />
          <EventEntry Type="ENTRY" Code="PB" Pos="0" Value="-" />
          <EventEntry Type="ENTRY" Code="PB" Pos="1" Value="-" />
          <EventEntry Type="ENTRY" Code="PB" Pos="2" Value="-" />
          <EventEntry Type="ER_EXTENDED" Code="ENTRY_ORDER" Pos="0" Value="0" />
          <EventEntry Type="ER_EXTENDED" Code="CLUB" Pos="1" />
          <EventEntry Type="ER_EXTENDED" Code="CLUB" Pos="2" />
          <EventEntry Type="ER_EXTENDED" Code="MUSIC" Pos="1" Value="" />
          <EventEntry Type="ER_EXTENDED" Code="MUSIC" Pos="2" Value="" />
        </RegisteredEvent>
      </Discipline>
    </Participant>
    <Participant Code="9639788" Parent="9639788" Status="ACTIVE" GivenName="Eleanora" FamilyName="Egle" PassportGivenName="Eleanora" PassportFamilyName="Egle" PrintName="Eleanora Egle" PrintInitialName="EL EGLE" TVName="Eleanora EGLE" TVInitialName="E EGLE" TVFamilyName="Egle" Gender="F" Organisation="LIL" BirthDate="" Height="-" Nationality="LIL" MainFunctionId="AA01" Current="true" ModificationIndicator="U">
      <Discipline Code="FSK-------------------------------" IFId="9639788">
        <RegisteredEvent Event="FSKWSINGLES-OPVISN--01------------">
          <EventEntry Type="ENTRY" Code="SB" Pos="0" Value="-" />
          <EventEntry Type="ENTRY" Code="SB" Pos="1" Value="-" />
          <EventEntry Type="ENTRY" Code="SB" Pos="2" Value="-" />
          <EventEntry Type="ENTRY" Code="PB" Pos="0" Value="-" />
          <EventEntry Type="ENTRY" Code="PB" Pos="1" Value="-" />
          <EventEntry Type="ENTRY" Code="PB" Pos="2" Value="-" />
          <EventEntry Type="ER_EXTENDED" Code="ENTRY_ORDER" Pos="0" Value="0" />
          <EventEntry Type="ER_EXTENDED" Code="CLUB" Pos="1" />
          <EventEntry Type="ER_EXTENDED" Code="CLUB" Pos="2" />
          <EventEntry Type="ER_EXTENDED" Code="MUSIC" Pos="1" Value="" />
          <EventEntry Type="ER_EXTENDED" Code="MUSIC" Pos="2" Value="" />
        </RegisteredEvent>
      </Discipline>
    </Participant>
    <Participant Code="9432285" Parent="9432285" Status="ACTIVE" GivenName="Anne" FamilyName="Kristoffersen" PassportGivenName="Anne" PassportFamilyName="Kristoffersen" PrintName="Anne Kristoffersen" PrintInitialName="AN KRISTOFFERSEN" TVName="Anne KRISTOFFERSEN" TVInitialName="A KRISTOFFERSEN" TVFamilyName="Kristoffersen" Gender="F" Organisation="LIL" BirthDate="" Height="-" Nationality="LIL" MainFunctionId="AA01" Current="true" ModificationIndicator="U">
      <Discipline Code="FSK-------------------------------" IFId="9432285">
        <RegisteredEvent Event="FSKWSINGLES-OPVISN--01------------">
          <EventEntry Type="ENTRY" Code="SB" Pos="0" Value="-" />
          <EventEntry Type="ENTRY" Code="SB" Pos="1" Value="-" />
          <EventEntry Type="ENTRY" Code="SB" Pos="2" Value="-" />
          <EventEntry Type="ENTRY" Code="PB" Pos="0" Value="-" />
          <EventEntry Type="ENTRY" Code="PB" Pos="1" Value="-" />
          <EventEntry Type="ENTRY" Code="PB" Pos="2" Value="-" />
          <EventEntry Type="ER_EXTENDED" Code="ENTRY_ORDER" Pos="0" Value="0" />
          <EventEntry Type="ER_EXTENDED" Code="CLUB" Pos="1" />
          <EventEntry Type="ER_EXTENDED" Code="CLUB" Pos="2" />
          <EventEntry Type="ER_EXTENDED" Code="MUSIC" Pos="1" Value="" />
          <EventEntry Type="ER_EXTENDED" Code="MUSIC" Pos="2" Value="" />
          <EventEntry Type="ER_EXTENDED" Code="ELEMENT_CODE_FREE" Pos="1" Value="1A" />
        </RegisteredEvent>
      </Discipline>
    </Participant>
    <Participant Code="9638831" Parent="9638831" Status="ACTIVE" GivenName="Frida Qianlu" FamilyName="He" PassportGivenName="Frida Qianlu" PassportFamilyName="He" PrintName="Frida Qianlu He" PrintInitialName="FR HE" TVName="Frida Qianlu HE" TVInitialName="F HE" TVFamilyName="He" Gender="F" Organisation="LIL" BirthDate="" Height="-" Nationality="LIL" MainFunctionId="AA01" Current="true" ModificationIndicator="U">
      <Discipline Code="FSK-------------------------------" IFId="9638831">
        <RegisteredEvent Event="FSKWSINGLES-OPVISN--01------------">
          <EventEntry Type="ENTRY" Code="SB" Pos="0" Value="-" />
          <EventEntry Type="ENTRY" Code="SB" Pos="1" Value="-" />
          <EventEntry Type="ENTRY" Code="SB" Pos="2" Value="-" />
          <EventEntry Type="ENTRY" Code="PB" Pos="0" Value="-" />
          <EventEntry Type="ENTRY" Code="PB" Pos="1" Value="-" />
          <EventEntry Type="ENTRY" Code="PB" Pos="2" Value="-" />
          <EventEntry Type="ER_EXTENDED" Code="ENTRY_ORDER" Pos="0" Value="0" />
          <EventEntry Type="ER_EXTENDED" Code="CLUB" Pos="1" />
          <EventEntry Type="ER_EXTENDED" Code="CLUB" Pos="2" />
          <EventEntry Type="ER_EXTENDED" Code="MUSIC" Pos="1" Value="" />
          <EventEntry Type="ER_EXTENDED" Code="MUSIC" Pos="2" Value="" />
          <EventEntry Type="ER_EXTENDED" Code="ELEMENT_CODE_FREE" Pos="1" Value="1A" />
          <EventEntry Type="ER_EXTENDED" Code="ELEMENT_CODE_FREE" Pos="2" Value="2Lo" />
          <EventEntry Type="ER_EXTENDED" Code="ELEMENT_CODE_FREE" Pos="3" Value="USp" />
          <EventEntry Type="ER_EXTENDED" Code="ELEMENT_CODE_FREE" Pos="4" Value="T+T" />
          <EventEntry Type="ER_EXTENDED" Code="ELEMENT_CODE_FREE" Pos="5" Value="SSp" />
          <EventEntry Type="ER_EXTENDED" Code="ELEMENT_CODE_FREE" Pos="6" Value="F" />
          <EventEntry Type="ER_EXTENDED" Code="ELEMENT_CODE_FREE" Pos="7" Value="StSq" />
        </RegisteredEvent>
      </Discipline>
    </Participant>
    <Participant Code="9825577" Parent="9825577" Status="ACTIVE" GivenName="Amanda Ansnes " FamilyName="Lima" PassportGivenName="Amanda Ansnes " PassportFamilyName="Lima" PrintName="Amanda Ansnes  Lima" PrintInitialName="AM LIMA" TVName="Amanda Ansnes  LIMA" TVInitialName="A LIMA" TVFamilyName="Lima" Gender="F" Organisation="LIL" BirthDate="" Height="-" Nationality="LIL" MainFunctionId="AA01" Current="true" ModificationIndicator="U">
      <Discipline Code="FSK-------------------------------" IFId="9825577">
        <RegisteredEvent Event="FSKWSINGLES-OPVISN--01------------">
          <EventEntry Type="ENTRY" Code="SB" Pos="0" Value="-" />
          <EventEntry Type="ENTRY" Code="SB" Pos="1" Value="-" />
          <EventEntry Type="ENTRY" Code="SB" Pos="2" Value="-" />
          <EventEntry Type="ENTRY" Code="PB" Pos="0" Value="-" />
          <EventEntry Type="ENTRY" Code="PB" Pos="1" Value="-" />
          <EventEntry Type="ENTRY" Code="PB" Pos="2" Value="-" />
          <EventEntry Type="ER_EXTENDED" Code="ENTRY_ORDER" Pos="0" Value="0" />
          <EventEntry Type="ER_EXTENDED" Code="CLUB" Pos="1" />
          <EventEntry Type="ER_EXTENDED" Code="CLUB" Pos="2" />
          <EventEntry Type="ER_EXTENDED" Code="MUSIC" Pos="1" Value="" />
          <EventEntry Type="ER_EXTENDED" Code="MUSIC" Pos="2" Value="" />
        </RegisteredEvent>
      </Discipline>
    </Participant>
    <Participant Code="9541191" Parent="9541191" Status="ACTIVE" GivenName="Mie Mariell " FamilyName="Sævereid " PassportGivenName="Mie Mariell " PassportFamilyName="Sævereid " PrintName="Mie Mariell  Sævereid " PrintInitialName="MI SÆVEREID " TVName="Mie Mariell  SÆVEREID " TVInitialName="ME SÆVEREID " TVFamilyName="Sævereid " Gender="F" Organisation="BKK" BirthDate="" Height="-" Nationality="BKK" MainFunctionId="AA01" Current="true" ModificationIndicator="U">
      <Discipline Code="FSK-------------------------------" IFId="9541191">
        <RegisteredEvent Event="FSKWSINGLES-OPVISN--01------------">
          <EventEntry Type="ENTRY" Code="SB" Pos="0" Value="-" />
          <EventEntry Type="ENTRY" Code="SB" Pos="1" Value="-" />
          <EventEntry Type="ENTRY" Code="SB" Pos="2" Value="-" />
          <EventEntry Type="ENTRY" Code="PB" Pos="0" Value="-" />
          <EventEntry Type="ENTRY" Code="PB" Pos="1" Value="-" />
          <EventEntry Type="ENTRY" Code="PB" Pos="2" Value="-" />
          <EventEntry Type="ER_EXTENDED" Code="ENTRY_ORDER" Pos="0" Value="0" />
          <EventEntry Type="ER_EXTENDED" Code="CLUB" Pos="1" />
          <EventEntry Type="ER_EXTENDED" Code="CLUB" Pos="2" />
          <EventEntry Type="ER_EXTENDED" Code="MUSIC" Pos="1" Value="" />
          <EventEntry Type="ER_EXTENDED" Code="MUSIC" Pos="2" Value="" />
          <EventEntry Type="ER_EXTENDED" Code="ELEMENT_CODE_FREE" Pos="1" Value="1F" />
          <EventEntry Type="ER_EXTENDED" Code="ELEMENT_CODE_FREE" Pos="2" Value="1S+1T" />
          <EventEntry Type="ER_EXTENDED" Code="ELEMENT_CODE_FREE" Pos="3" Value="USp" />
          <EventEntry Type="ER_EXTENDED" Code="ELEMENT_CODE_FREE" Pos="4" Value="1Lo" />
          <EventEntry Type="ER_EXTENDED" Code="ELEMENT_CODE_FREE" Pos="5" Value="SSp" />
          <EventEntry Type="ER_EXTENDED" Code="ELEMENT_CODE_FREE" Pos="6" Value="ChSq" />
          <EventEntry Type="ER_EXTENDED" Code="ELEMENT_CODE_FREE" Pos="7" Value="1F+1T" />
        </RegisteredEvent>
      </Discipline>
    </Participant>
    <Participant Code="10047210" Parent="10047210" Status="ACTIVE" GivenName="Camilla" FamilyName="Tveit" PassportGivenName="Camilla" PassportFamilyName="Tveit" PrintName="Camilla Tveit" PrintInitialName="CA TVEIT" TVName="Camilla TVEIT" TVInitialName="C TVEIT" TVFamilyName="Tveit" Gender="F" Organisation="LIL" BirthDate="" Height="-" Nationality="LIL" MainFunctionId="AA01" Current="true" ModificationIndicator="U">
      <Discipline Code="FSK-------------------------------" IFId="10047210">
        <RegisteredEvent Event="FSKWSINGLES-OPVISN--01------------">
          <EventEntry Type="ENTRY" Code="SB" Pos="0" Value="-" />
          <EventEntry Type="ENTRY" Code="SB" Pos="1" Value="-" />
          <EventEntry Type="ENTRY" Code="SB" Pos="2" Value="-" />
          <EventEntry Type="ENTRY" Code="PB" Pos="0" Value="-" />
          <EventEntry Type="ENTRY" Code="PB" Pos="1" Value="-" />
          <EventEntry Type="ENTRY" Code="PB" Pos="2" Value="-" />
          <EventEntry Type="ER_EXTENDED" Code="ENTRY_ORDER" Pos="0" Value="0" />
          <EventEntry Type="ER_EXTENDED" Code="CLUB" Pos="1" />
          <EventEntry Type="ER_EXTENDED" Code="CLUB" Pos="2" />
          <EventEntry Type="ER_EXTENDED" Code="MUSIC" Pos="1" Value="" />
          <EventEntry Type="ER_EXTENDED" Code="MUSIC" Pos="2" Value="" />
        </RegisteredEvent>
      </Discipline>
    </Participant>
    <Participant Code="9727172" Parent="9727172" Status="ACTIVE" GivenName="Valentina" FamilyName="Pinker-Spilde" PassportGivenName="Valentina" PassportFamilyName="Pinker-Spilde" PrintName="Valentina Pinker-Spilde" PrintInitialName="VA PINKER-SPILDE" TVName="Valentina PINKER-SPILDE" TVInitialName="V PINKER-SPILDE" TVFamilyName="Pinker-Spilde" Gender="F" Organisation="FIL" BirthDate="" Height="-" Nationality="FIL" MainFunctionId="AA01" Current="true" ModificationIndicator="U">
      <Discipline Code="FSK-------------------------------" IFId="9727172">
        <RegisteredEvent Event="FSKWSINGLES-OPVISN--01------------">
          <EventEntry Type="ENTRY" Code="SB" Pos="0" Value="-" />
          <EventEntry Type="ENTRY" Code="SB" Pos="1" Value="-" />
          <EventEntry Type="ENTRY" Code="SB" Pos="2" Value="-" />
          <EventEntry Type="ENTRY" Code="PB" Pos="0" Value="-" />
          <EventEntry Type="ENTRY" Code="PB" Pos="1" Value="-" />
          <EventEntry Type="ENTRY" Code="PB" Pos="2" Value="-" />
          <EventEntry Type="ER_EXTENDED" Code="ENTRY_ORDER" Pos="0" Value="0" />
          <EventEntry Type="ER_EXTENDED" Code="CLUB" Pos="1" />
          <EventEntry Type="ER_EXTENDED" Code="CLUB" Pos="2" />
          <EventEntry Type="ER_EXTENDED" Code="MUSIC" Pos="1" Value="" />
          <EventEntry Type="ER_EXTENDED" Code="MUSIC" Pos="2" Value="" />
          <EventEntry Type="ER_EXTENDED" Code="ELEMENT_CODE_FREE" Pos="1" Value="1T+1T" />
          <EventEntry Type="ER_EXTENDED" Code="ELEMENT_CODE_FREE" Pos="2" Value="Sp" />
          <EventEntry Type="ER_EXTENDED" Code="ELEMENT_CODE_FREE" Pos="3" Value="1S" />
          <EventEntry Type="ER_EXTENDED" Code="ELEMENT_CODE_FREE" Pos="4" Value="ChSq" />
          <EventEntry Type="ER_EXTENDED" Code="ELEMENT_CODE_FREE" Pos="5" Value="Sp" />
          <EventEntry Type="ER_EXTENDED" Code="ELEMENT_CODE_FREE" Pos="6" Value="1S+1T" />
          <EventEntry Type="ER_EXTENDED" Code="ELEMENT_CODE_FREE" Pos="7" Value="1T" />
        </RegisteredEvent>
      </Discipline>
    </Participant>
    <Participant Code="10234084" Parent="10234084" Status="ACTIVE" GivenName="Szofia" FamilyName="Papdi" PassportGivenName="Szofia" PassportFamilyName="Papdi" PrintName="Szofia Papdi" PrintInitialName="SZ PAPDI" TVName="Szofia PAPDI" TVInitialName="S PAPDI" TVFamilyName="Papdi" Gender="F" Organisation="BKK" BirthDate="" Height="-" Nationality="BKK" MainFunctionId="AA01" Current="true" ModificationIndicator="U">
      <Discipline Code="FSK-------------------------------" IFId="10234084">
        <RegisteredEvent Event="FSKWSINGLES-OPVISN--01------------">
          <EventEntry Type="ENTRY" Code="SB" Pos="0" Value="-" />
          <EventEntry Type="ENTRY" Code="SB" Pos="1" Value="-" />
          <EventEntry Type="ENTRY" Code="SB" Pos="2" Value="-" />
          <EventEntry Type="ENTRY" Code="PB" Pos="0" Value="-" />
          <EventEntry Type="ENTRY" Code="PB" Pos="1" Value="-" />
          <EventEntry Type="ENTRY" Code="PB" Pos="2" Value="-" />
          <EventEntry Type="ER_EXTENDED" Code="ENTRY_ORDER" Pos="0" Value="0" />
          <EventEntry Type="ER_EXTENDED" Code="CLUB" Pos="1" />
          <EventEntry Type="ER_EXTENDED" Code="CLUB" Pos="2" />
          <EventEntry Type="ER_EXTENDED" Code="MUSIC" Pos="1" Value="" />
          <EventEntry Type="ER_EXTENDED" Code="MUSIC" Pos="2" Value="" />
          <EventEntry Type="ER_EXTENDED" Code="ELEMENT_CODE_SHORT" Pos="1" />
          <EventEntry Type="ER_EXTENDED" Code="ELEMENT_CODE_SHORT" Pos="2" />
          <EventEntry Type="ER_EXTENDED" Code="ELEMENT_CODE_SHORT" Pos="3" />
          <EventEntry Type="ER_EXTENDED" Code="ELEMENT_CODE_SHORT" Pos="4" />
          <EventEntry Type="ER_EXTENDED" Code="ELEMENT_CODE_SHORT" Pos="5" />
          <EventEntry Type="ER_EXTENDED" Code="ELEMENT_CODE_SHORT" Pos="6" />
          <EventEntry Type="ER_EXTENDED" Code="ELEMENT_CODE_SHORT" Pos="7" />
          <EventEntry Type="ER_EXTENDED" Code="ELEMENT_CODE_SHORT" Pos="7" />
          <EventEntry Type="ER_EXTENDED" Code="ELEMENT_CODE_FREE" Pos="1" />
          <EventEntry Type="ER_EXTENDED" Code="ELEMENT_CODE_FREE" Pos="2" />
          <EventEntry Type="ER_EXTENDED" Code="ELEMENT_CODE_FREE" Pos="3" />
          <EventEntry Type="ER_EXTENDED" Code="ELEMENT_CODE_FREE" Pos="4" />
          <EventEntry Type="ER_EXTENDED" Code="ELEMENT_CODE_FREE" Pos="5" />
          <EventEntry Type="ER_EXTENDED" Code="ELEMENT_CODE_FREE" Pos="6" />
          <EventEntry Type="ER_EXTENDED" Code="ELEMENT_CODE_FREE" Pos="7" />
          <EventEntry Type="ER_EXTENDED" Code="ELEMENT_CODE_FREE" Pos="8" />
          <EventEntry Type="ER_EXTENDED" Code="ELEMENT_CODE_FREE" Pos="9" />
          <EventEntry Type="ER_EXTENDED" Code="ELEMENT_CODE_FREE" Pos="10" />
          <EventEntry Type="ER_EXTENDED" Code="ELEMENT_CODE_FREE" Pos="11" />
          <EventEntry Type="ER_EXTENDED" Code="ELEMENT_CODE_FREE" Pos="12" />
          <EventEntry Type="ER_EXTENDED" Code="ELEMENT_CODE_FREE" Pos="13" />
        </RegisteredEvent>
      </Discipline>
    </Participant>
    <Participant Code="9655458" Parent="9655458" Status="ACTIVE" GivenName="Elena Sophia" FamilyName="Sandnes-Strømmen " PassportGivenName="Elena Sophia" PassportFamilyName="Sandnes-Strømmen " PrintName="Elena Sophia Sandnes-Strømmen " PrintInitialName="EL SANDNES-STRØMMEN " TVName="Elena Sophia SANDNES-STRØMMEN " TVInitialName="E SANDNES-STRØMMEN " TVFamilyName="Sandnes-Strømmen " Gender="F" Organisation="FIL" BirthDate="" Height="-" Nationality="FIL" MainFunctionId="AA01" Current="true" ModificationIndicator="U">
      <Discipline Code="FSK-------------------------------" IFId="9655458">
        <RegisteredEvent Event="FSKWSINGLES-OPVISN--01------------">
          <EventEntry Type="ENTRY" Code="SB" Pos="0" Value="-" />
          <EventEntry Type="ENTRY" Code="SB" Pos="1" Value="-" />
          <EventEntry Type="ENTRY" Code="SB" Pos="2" Value="-" />
          <EventEntry Type="ENTRY" Code="PB" Pos="0" Value="-" />
          <EventEntry Type="ENTRY" Code="PB" Pos="1" Value="-" />
          <EventEntry Type="ENTRY" Code="PB" Pos="2" Value="-" />
          <EventEntry Type="ER_EXTENDED" Code="ENTRY_ORDER" Pos="0" Value="0" />
          <EventEntry Type="ER_EXTENDED" Code="CLUB" Pos="1" />
          <EventEntry Type="ER_EXTENDED" Code="CLUB" Pos="2" />
          <EventEntry Type="ER_EXTENDED" Code="MUSIC" Pos="1" Value="" />
          <EventEntry Type="ER_EXTENDED" Code="MUSIC" Pos="2" Value="" />
          <EventEntry Type="ER_EXTENDED" Code="ELEMENT_CODE_SHORT" Pos="1" />
          <EventEntry Type="ER_EXTENDED" Code="ELEMENT_CODE_SHORT" Pos="2" />
          <EventEntry Type="ER_EXTENDED" Code="ELEMENT_CODE_SHORT" Pos="3" />
          <EventEntry Type="ER_EXTENDED" Code="ELEMENT_CODE_SHORT" Pos="4" />
          <EventEntry Type="ER_EXTENDED" Code="ELEMENT_CODE_SHORT" Pos="5" />
          <EventEntry Type="ER_EXTENDED" Code="ELEMENT_CODE_SHORT" Pos="6" />
          <EventEntry Type="ER_EXTENDED" Code="ELEMENT_CODE_SHORT" Pos="7" />
          <EventEntry Type="ER_EXTENDED" Code="ELEMENT_CODE_SHORT" Pos="7" />
          <EventEntry Type="ER_EXTENDED" Code="ELEMENT_CODE_FREE" Pos="1" />
          <EventEntry Type="ER_EXTENDED" Code="ELEMENT_CODE_FREE" Pos="2" />
          <EventEntry Type="ER_EXTENDED" Code="ELEMENT_CODE_FREE" Pos="3" />
          <EventEntry Type="ER_EXTENDED" Code="ELEMENT_CODE_FREE" Pos="4" />
          <EventEntry Type="ER_EXTENDED" Code="ELEMENT_CODE_FREE" Pos="5" />
          <EventEntry Type="ER_EXTENDED" Code="ELEMENT_CODE_FREE" Pos="6" />
          <EventEntry Type="ER_EXTENDED" Code="ELEMENT_CODE_FREE" Pos="7" />
          <EventEntry Type="ER_EXTENDED" Code="ELEMENT_CODE_FREE" Pos="8" />
          <EventEntry Type="ER_EXTENDED" Code="ELEMENT_CODE_FREE" Pos="9" />
          <EventEntry Type="ER_EXTENDED" Code="ELEMENT_CODE_FREE" Pos="10" />
          <EventEntry Type="ER_EXTENDED" Code="ELEMENT_CODE_FREE" Pos="11" />
          <EventEntry Type="ER_EXTENDED" Code="ELEMENT_CODE_FREE" Pos="12" />
          <EventEntry Type="ER_EXTENDED" Code="ELEMENT_CODE_FREE" Pos="13" />
        </RegisteredEvent>
      </Discipline>
    </Participant>
    <Participant Code="9865886" Parent="9865886" Status="ACTIVE" GivenName="Angela" FamilyName="Chen" PassportGivenName="Angela" PassportFamilyName="Chen" PrintName="Angela Chen" PrintInitialName="AN CHEN" TVName="Angela CHEN" TVInitialName="A CHEN" TVFamilyName="Chen" Gender="F" Organisation="FIL" BirthDate="" Height="-" Nationality="FIL" MainFunctionId="AA01" Current="true" ModificationIndicator="U">
      <Discipline Code="FSK-------------------------------" IFId="9865886">
        <RegisteredEvent Event="FSKWSINGLES-OPVISN--01------------">
          <EventEntry Type="ENTRY" Code="SB" Pos="0" Value="-" />
          <EventEntry Type="ENTRY" Code="SB" Pos="1" Value="-" />
          <EventEntry Type="ENTRY" Code="SB" Pos="2" Value="-" />
          <EventEntry Type="ENTRY" Code="PB" Pos="0" Value="-" />
          <EventEntry Type="ENTRY" Code="PB" Pos="1" Value="-" />
          <EventEntry Type="ENTRY" Code="PB" Pos="2" Value="-" />
          <EventEntry Type="ER_EXTENDED" Code="ENTRY_ORDER" Pos="0" Value="0" />
          <EventEntry Type="ER_EXTENDED" Code="CLUB" Pos="1" />
          <EventEntry Type="ER_EXTENDED" Code="CLUB" Pos="2" />
          <EventEntry Type="ER_EXTENDED" Code="MUSIC" Pos="1" Value="" />
          <EventEntry Type="ER_EXTENDED" Code="MUSIC" Pos="2" Value="" />
          <EventEntry Type="ER_EXTENDED" Code="ELEMENT_CODE_SHORT" Pos="1" />
          <EventEntry Type="ER_EXTENDED" Code="ELEMENT_CODE_SHORT" Pos="2" />
          <EventEntry Type="ER_EXTENDED" Code="ELEMENT_CODE_SHORT" Pos="3" />
          <EventEntry Type="ER_EXTENDED" Code="ELEMENT_CODE_SHORT" Pos="4" />
          <EventEntry Type="ER_EXTENDED" Code="ELEMENT_CODE_SHORT" Pos="5" />
          <EventEntry Type="ER_EXTENDED" Code="ELEMENT_CODE_SHORT" Pos="6" />
          <EventEntry Type="ER_EXTENDED" Code="ELEMENT_CODE_SHORT" Pos="7" />
          <EventEntry Type="ER_EXTENDED" Code="ELEMENT_CODE_SHORT" Pos="7" />
          <EventEntry Type="ER_EXTENDED" Code="ELEMENT_CODE_FREE" Pos="1" Value="1T" />
          <EventEntry Type="ER_EXTENDED" Code="ELEMENT_CODE_FREE" Pos="2" Value="USp" />
          <EventEntry Type="ER_EXTENDED" Code="ELEMENT_CODE_FREE" Pos="3" Value="ChSq" />
          <EventEntry Type="ER_EXTENDED" Code="ELEMENT_CODE_FREE" Pos="4" Value="1Lz" />
          <EventEntry Type="ER_EXTENDED" Code="ELEMENT_CODE_FREE" Pos="5" Value="1Lz" />
          <EventEntry Type="ER_EXTENDED" Code="ELEMENT_CODE_FREE" Pos="6" Value="1S" />
          <EventEntry Type="ER_EXTENDED" Code="ELEMENT_CODE_FREE" Pos="7" Value="1F" />
          <EventEntry Type="ER_EXTENDED" Code="ELEMENT_CODE_FREE" Pos="8" Value="USp" />
        </RegisteredEvent>
      </Discipline>
    </Participant>
    <Participant Code="10190490" Parent="10190490" Status="ACTIVE" GivenName="Emilie" FamilyName="Morseth" PassportGivenName="Emilie" PassportFamilyName="Morseth" PrintName="Emilie Morseth" PrintInitialName="EM MORSETH" TVName="Emilie MORSETH" TVInitialName="E MORSETH" TVFamilyName="Morseth" Gender="F" Organisation="FIL" BirthDate="" Height="-" Nationality="FIL" MainFunctionId="AA01" Current="true" ModificationIndicator="U">
      <Discipline Code="FSK-------------------------------" IFId="10190490">
        <RegisteredEvent Event="FSKWSINGLES-OPVISN--01------------">
          <EventEntry Type="ENTRY" Code="SB" Pos="0" Value="-" />
          <EventEntry Type="ENTRY" Code="SB" Pos="1" Value="-" />
          <EventEntry Type="ENTRY" Code="SB" Pos="2" Value="-" />
          <EventEntry Type="ENTRY" Code="PB" Pos="0" Value="-" />
          <EventEntry Type="ENTRY" Code="PB" Pos="1" Value="-" />
          <EventEntry Type="ENTRY" Code="PB" Pos="2" Value="-" />
          <EventEntry Type="ER_EXTENDED" Code="ENTRY_ORDER" Pos="0" Value="0" />
          <EventEntry Type="ER_EXTENDED" Code="CLUB" Pos="1" />
          <EventEntry Type="ER_EXTENDED" Code="CLUB" Pos="2" />
          <EventEntry Type="ER_EXTENDED" Code="MUSIC" Pos="1" Value="" />
          <EventEntry Type="ER_EXTENDED" Code="MUSIC" Pos="2" Value="" />
          <EventEntry Type="ER_EXTENDED" Code="ELEMENT_CODE_FREE" Pos="1" Value="1S+1T" />
          <EventEntry Type="ER_EXTENDED" Code="ELEMENT_CODE_FREE" Pos="2" Value="USp" />
          <EventEntry Type="ER_EXTENDED" Code="ELEMENT_CODE_FREE" Pos="3" Value="1T+1T" />
          <EventEntry Type="ER_EXTENDED" Code="ELEMENT_CODE_FREE" Pos="4" Value="ChSq" />
          <EventEntry Type="ER_EXTENDED" Code="ELEMENT_CODE_FREE" Pos="5" Value="1T" />
          <EventEntry Type="ER_EXTENDED" Code="ELEMENT_CODE_FREE" Pos="6" Value="1S" />
          <EventEntry Type="ER_EXTENDED" Code="ELEMENT_CODE_FREE" Pos="7" Value="USp" />
        </RegisteredEvent>
      </Discipline>
    </Participant>
    <Participant Code="9583455" Parent="9583455" Status="ACTIVE" GivenName="Aurelia" FamilyName="Landschulze" PassportGivenName="Aurelia" PassportFamilyName="Landschulze" PrintName="Aurelia Landschulze" PrintInitialName="AU LANDSCHULZE" TVName="Aurelia LANDSCHULZE" TVInitialName="A LANDSCHULZE" TVFamilyName="Landschulze" Gender="F" Organisation="FIL" BirthDate="" Height="-" Nationality="FIL" MainFunctionId="AA01" Current="true" ModificationIndicator="U">
      <Discipline Code="FSK-------------------------------" IFId="9583455">
        <RegisteredEvent Event="FSKWSINGLES-OPVISN--01------------">
          <EventEntry Type="ENTRY" Code="SB" Pos="0" Value="-" />
          <EventEntry Type="ENTRY" Code="SB" Pos="1" Value="-" />
          <EventEntry Type="ENTRY" Code="SB" Pos="2" Value="-" />
          <EventEntry Type="ENTRY" Code="PB" Pos="0" Value="-" />
          <EventEntry Type="ENTRY" Code="PB" Pos="1" Value="-" />
          <EventEntry Type="ENTRY" Code="PB" Pos="2" Value="-" />
          <EventEntry Type="ER_EXTENDED" Code="ENTRY_ORDER" Pos="0" Value="0" />
          <EventEntry Type="ER_EXTENDED" Code="CLUB" Pos="1" />
          <EventEntry Type="ER_EXTENDED" Code="CLUB" Pos="2" />
          <EventEntry Type="ER_EXTENDED" Code="MUSIC" Pos="1" Value="" />
          <EventEntry Type="ER_EXTENDED" Code="MUSIC" Pos="2" Value="" />
        </RegisteredEvent>
      </Discipline>
    </Participant>
  </Competition>
</OdfBody><OdfBody CompetitionCode="NSF2023" DocumentCode="FSK-------------------------------" DocumentType="DT_PARTIC_UPDATE" Version="1" FeedFlag="P" Date="2026-01-31" Time="21:06:52" LogicalDate="2026-01-31" Source="KUNFSK1">
  <Competition>
    <Participant Code="9002227" Parent="9002227" Status="ACTIVE" GivenName="Frida Pasko" FamilyName="Hansen" PassportGivenName="Frida Pasko" PassportFamilyName="Hansen" PrintName="Frida Pasko Hansen" PrintInitialName="FR HANSEN" TVName="Frida Pasko HANSEN" TVInitialName="F HANSEN" TVFamilyName="Hansen" Gender="F" Organisation="LIL" BirthDate="" Height="-" Nationality="LIL" MainFunctionId="AA01" Current="true" ModificationIndicator="U">
      <Discipline Code="FSK-------------------------------" IFId="9002227">
        <RegisteredEvent Event="FSKWSINGLES-OPVISN--01------------">
          <EventEntry Type="ENTRY" Code="SB" Pos="0" Value="-" />
          <EventEntry Type="ENTRY" Code="SB" Pos="1" Value="-" />
          <EventEntry Type="ENTRY" Code="SB" Pos="2" Value="-" />
          <EventEntry Type="ENTRY" Code="PB" Pos="0" Value="-" />
          <EventEntry Type="ENTRY" Code="PB" Pos="1" Value="-" />
          <EventEntry Type="ENTRY" Code="PB" Pos="2" Value="-" />
          <EventEntry Type="ER_EXTENDED" Code="ENTRY_ORDER" Pos="0" Value="0" />
          <EventEntry Type="ER_EXTENDED" Code="CLUB" Pos="1" />
          <EventEntry Type="ER_EXTENDED" Code="CLUB" Pos="2" />
          <EventEntry Type="ER_EXTENDED" Code="MUSIC" Pos="1" Value="" />
          <EventEntry Type="ER_EXTENDED" Code="MUSIC" Pos="2" Value="" />
        </RegisteredEvent>
      </Discipline>
    </Participant>
    <Participant Code="10103568" Parent="10103568" Status="ACTIVE" GivenName="Hanna" FamilyName="Tveita" PassportGivenName="Hanna" PassportFamilyName="Tveita" PrintName="Hanna Tveita" PrintInitialName="HA TVEITA" TVName="Hanna TVEITA" TVInitialName="H TVEITA" TVFamilyName="Tveita" Gender="F" Organisation="LIL" BirthDate="" Height="-" Nationality="LIL" MainFunctionId="AA01" Current="true" ModificationIndicator="U">
      <Discipline Code="FSK-------------------------------" IFId="10103568">
        <RegisteredEvent Event="FSKWSINGLES-OPVISN--01------------">
          <EventEntry Type="ENTRY" Code="SB" Pos="0" Value="-" />
          <EventEntry Type="ENTRY" Code="SB" Pos="1" Value="-" />
          <EventEntry Type="ENTRY" Code="SB" Pos="2" Value="-" />
          <EventEntry Type="ENTRY" Code="PB" Pos="0" Value="-" />
          <EventEntry Type="ENTRY" Code="PB" Pos="1" Value="-" />
          <EventEntry Type="ENTRY" Code="PB" Pos="2" Value="-" />
          <EventEntry Type="ER_EXTENDED" Code="ENTRY_ORDER" Pos="0" Value="0" />
          <EventEntry Type="ER_EXTENDED" Code="CLUB" Pos="1" />
          <EventEntry Type="ER_EXTENDED" Code="CLUB" Pos="2" />
          <EventEntry Type="ER_EXTENDED" Code="MUSIC" Pos="1" Value="" />
          <EventEntry Type="ER_EXTENDED" Code="MUSIC" Pos="2" Value="" />
          <EventEntry Type="ER_EXTENDED" Code="ELEMENT_CODE_FREE" Pos="1" Value="T" />
          <EventEntry Type="ER_EXTENDED" Code="ELEMENT_CODE_FREE" Pos="2" Value="USp" />
          <EventEntry Type="ER_EXTENDED" Code="ELEMENT_CODE_FREE" Pos="3" Value="StSq" />
          <EventEntry Type="ER_EXTENDED" Code="ELEMENT_CODE_FREE" Pos="4" Value="1F+1T" />
          <EventEntry Type="ER_EXTENDED" Code="ELEMENT_CODE_FREE" Pos="5" Value="1Lo" />
          <EventEntry Type="ER_EXTENDED" Code="ELEMENT_CODE_FREE" Pos="6" Value="SSp" />
          <EventEntry Type="ER_EXTENDED" Code="ELEMENT_CODE_FREE" Pos="7" Value="1S" />
        </RegisteredEvent>
      </Discipline>
    </Participant>
    <Participant Code="9539388" Parent="9539388" Status="ACTIVE" GivenName="Frida Lovisa" FamilyName="Østerberg" PassportGivenName="Frida Lovisa" PassportFamilyName="Østerberg" PrintName="Frida Lovisa Østerberg" PrintInitialName="FR ØSTERBERG" TVName="Frida Lovisa ØSTERBERG" TVInitialName="F ØSTERBERG" TVFamilyName="Østerberg" Gender="F" Organisation="BKK" BirthDate="" Height="-" Nationality="BKK" MainFunctionId="AA01" Current="true" ModificationIndicator="U">
      <Discipline Code="FSK-------------------------------" IFId="9539388">
        <RegisteredEvent Event="FSKWSINGLES-OPVISN--01------------">
          <EventEntry Type="ENTRY" Code="SB" Pos="0" Value="-" />
          <EventEntry Type="ENTRY" Code="SB" Pos="1" Value="-" />
          <EventEntry Type="ENTRY" Code="SB" Pos="2" Value="-" />
          <EventEntry Type="ENTRY" Code="PB" Pos="0" Value="-" />
          <EventEntry Type="ENTRY" Code="PB" Pos="1" Value="-" />
          <EventEntry Type="ENTRY" Code="PB" Pos="2" Value="-" />
          <EventEntry Type="ER_EXTENDED" Code="ENTRY_ORDER" Pos="0" Value="0" />
          <EventEntry Type="ER_EXTENDED" Code="CLUB" Pos="1" />
          <EventEntry Type="ER_EXTENDED" Code="CLUB" Pos="2" />
          <EventEntry Type="ER_EXTENDED" Code="MUSIC" Pos="1" Value="" />
          <EventEntry Type="ER_EXTENDED" Code="MUSIC" Pos="2" Value="" />
        </RegisteredEvent>
      </Discipline>
    </Participant>
    <Participant Code="9920979" Parent="9920979" Status="ACTIVE" GivenName="Patricija" FamilyName="Levickaite" PassportGivenName="Patricija" PassportFamilyName="Levickaite" PrintName="Patricija Levickaite" PrintInitialName="PA LEVICKAITE" TVName="Patricija LEVICKAITE" TVInitialName="P LEVICKAITE" TVFamilyName="Levickaite" Gender="F" Organisation="BKK" BirthDate="" Height="-" Nationality="BKK" MainFunctionId="AA01" Current="true" ModificationIndicator="U">
      <Discipline Code="FSK-------------------------------" IFId="9920979">
        <RegisteredEvent Event="FSKWSINGLES-OPVISN--01------------">
          <EventEntry Type="ENTRY" Code="SB" Pos="0" Value="-" />
          <EventEntry Type="ENTRY" Code="SB" Pos="1" Value="-" />
          <EventEntry Type="ENTRY" Code="SB" Pos="2" Value="-" />
          <EventEntry Type="ENTRY" Code="PB" Pos="0" Value="-" />
          <EventEntry Type="ENTRY" Code="PB" Pos="1" Value="-" />
          <EventEntry Type="ENTRY" Code="PB" Pos="2" Value="-" />
          <EventEntry Type="ER_EXTENDED" Code="ENTRY_ORDER" Pos="0" Value="0" />
          <EventEntry Type="ER_EXTENDED" Code="CLUB" Pos="1" />
          <EventEntry Type="ER_EXTENDED" Code="CLUB" Pos="2" />
          <EventEntry Type="ER_EXTENDED" Code="MUSIC" Pos="1" Value="" />
          <EventEntry Type="ER_EXTENDED" Code="MUSIC" Pos="2" Value="" />
          <EventEntry Type="ER_EXTENDED" Code="ELEMENT_CODE_FREE" Pos="1" Value="1S" />
          <EventEntry Type="ER_EXTENDED" Code="ELEMENT_CODE_FREE" Pos="2" Value="1T" />
          <EventEntry Type="ER_EXTENDED" Code="ELEMENT_CODE_FREE" Pos="3" Value="SSp" />
          <EventEntry Type="ER_EXTENDED" Code="ELEMENT_CODE_FREE" Pos="4" Value="1S" />
          <EventEntry Type="ER_EXTENDED" Code="ELEMENT_CODE_FREE" Pos="5" Value="1T" />
          <EventEntry Type="ER_EXTENDED" Code="ELEMENT_CODE_FREE" Pos="6" Value="ChSq" />
          <EventEntry Type="ER_EXTENDED" Code="ELEMENT_CODE_FREE" Pos="7" Value="USp" />
        </RegisteredEvent>
      </Discipline>
    </Participant>
    <Participant Code="10116091" Parent="10116091" Status="ACTIVE" GivenName="Aksel" FamilyName="Eriksen" PassportGivenName="Aksel" PassportFamilyName="Eriksen" PrintName="Aksel Eriksen" PrintInitialName="AK ERIKSEN" TVName="Aksel ERIKSEN" TVInitialName="A ERIKSEN" TVFamilyName="Eriksen" Gender="M" Organisation="LIL" BirthDate="" Height="-" Nationality="LIL" MainFunctionId="AA01" Current="true" ModificationIndicator="U">
      <Discipline Code="FSK-------------------------------" IFId="10116091">
        <RegisteredEvent Event="FSKMSINGLES-OPVISN--01------------">
          <EventEntry Type="ENTRY" Code="SB" Pos="0" Value="-" />
          <EventEntry Type="ENTRY" Code="SB" Pos="1" Value="-" />
          <EventEntry Type="ENTRY" Code="SB" Pos="2" Value="-" />
          <EventEntry Type="ENTRY" Code="PB" Pos="0" Value="-" />
          <EventEntry Type="ENTRY" Code="PB" Pos="1" Value="-" />
          <EventEntry Type="ENTRY" Code="PB" Pos="2" Value="-" />
          <EventEntry Type="ER_EXTENDED" Code="ENTRY_ORDER" Pos="0" Value="0" />
          <EventEntry Type="ER_EXTENDED" Code="CLUB" Pos="1" />
          <EventEntry Type="ER_EXTENDED" Code="CLUB" Pos="2" />
          <EventEntry Type="ER_EXTENDED" Code="MUSIC" Pos="1" Value="" />
          <EventEntry Type="ER_EXTENDED" Code="MUSIC" Pos="2" Value="" />
        </RegisteredEvent>
      </Discipline>
    </Participant>
    <Participant Code="10210494" Parent="10210494" Status="ACTIVE" GivenName="Eira Olava Bortne " FamilyName="Ludvigsen" PassportGivenName="Eira Olava Bortne " PassportFamilyName="Ludvigsen" PrintName="Eira Olava Bortne  Ludvigsen" PrintInitialName="EI LUDVIGSEN" TVName="Eira Olava Bortne  LUDVIGSEN" TVInitialName="E LUDVIGSEN" TVFamilyName="Ludvigsen" Gender="F" Organisation="BKK" BirthDate="" Height="-" Nationality="BKK" MainFunctionId="AA01" Current="true" ModificationIndicator="U">
      <Discipline Code="FSK-------------------------------" IFId="10210494">
        <RegisteredEvent Event="FSKWSINGLES-OPVISN--01------------">
          <EventEntry Type="ENTRY" Code="SB" Pos="0" Value="-" />
          <EventEntry Type="ENTRY" Code="SB" Pos="1" Value="-" />
          <EventEntry Type="ENTRY" Code="SB" Pos="2" Value="-" />
          <EventEntry Type="ENTRY" Code="PB" Pos="0" Value="-" />
          <EventEntry Type="ENTRY" Code="PB" Pos="1" Value="-" />
          <EventEntry Type="ENTRY" Code="PB" Pos="2" Value="-" />
          <EventEntry Type="ER_EXTENDED" Code="ENTRY_ORDER" Pos="0" Value="0" />
          <EventEntry Type="ER_EXTENDED" Code="CLUB" Pos="1" />
          <EventEntry Type="ER_EXTENDED" Code="CLUB" Pos="2" />
          <EventEntry Type="ER_EXTENDED" Code="MUSIC" Pos="1" Value="" />
          <EventEntry Type="ER_EXTENDED" Code="MUSIC" Pos="2" Value="" />
        </RegisteredEvent>
      </Discipline>
    </Participant>
    <Participant Code="10269944" Parent="10269944" Status="ACTIVE" GivenName="Aylin" FamilyName="Morseth" PassportGivenName="Aylin" PassportFamilyName="Morseth" PrintName="Aylin Morseth" PrintInitialName="AY MORSETH" TVName="Aylin MORSETH" TVInitialName="A MORSETH" TVFamilyName="Morseth" Gender="F" Organisation="FIL" BirthDate="" Height="-" Nationality="FIL" MainFunctionId="AA01" Current="true" ModificationIndicator="U">
      <Discipline Code="FSK-------------------------------" IFId="10269944">
        <RegisteredEvent Event="FSKWSINGLES-OPVISN--01------------">
          <EventEntry Type="ENTRY" Code="SB" Pos="0" Value="-" />
          <EventEntry Type="ENTRY" Code="SB" Pos="1" Value="-" />
          <EventEntry Type="ENTRY" Code="SB" Pos="2" Value="-" />
          <EventEntry Type="ENTRY" Code="PB" Pos="0" Value="-" />
          <EventEntry Type="ENTRY" Code="PB" Pos="1" Value="-" />
          <EventEntry Type="ENTRY" Code="PB" Pos="2" Value="-" />
          <EventEntry Type="ER_EXTENDED" Code="ENTRY_ORDER" Pos="0" Value="0" />
          <EventEntry Type="ER_EXTENDED" Code="CLUB" Pos="1" />
          <EventEntry Type="ER_EXTENDED" Code="CLUB" Pos="2" />
          <EventEntry Type="ER_EXTENDED" Code="MUSIC" Pos="1" Value="" />
          <EventEntry Type="ER_EXTENDED" Code="MUSIC" Pos="2" Value="" />
          <EventEntry Type="ER_EXTENDED" Code="ELEMENT_CODE_FREE" Pos="1" Value="1S" />
          <EventEntry Type="ER_EXTENDED" Code="ELEMENT_CODE_FREE" Pos="2" Value="1Lz+1T" />
          <EventEntry Type="ER_EXTENDED" Code="ELEMENT_CODE_FREE" Pos="3" Value="USp" />
          <EventEntry Type="ER_EXTENDED" Code="ELEMENT_CODE_FREE" Pos="4" Value="ChSq" />
          <EventEntry Type="ER_EXTENDED" Code="ELEMENT_CODE_FREE" Pos="5" Value="1S+1T" />
          <EventEntry Type="ER_EXTENDED" Code="ELEMENT_CODE_FREE" Pos="6" Value="1T" />
          <EventEntry Type="ER_EXTENDED" Code="ELEMENT_CODE_FREE" Pos="7" Value="USp" />
        </RegisteredEvent>
      </Discipline>
    </Participant>
    <Participant Code="9438660" Parent="9438660" Status="ACTIVE" GivenName="Mille Isabell" FamilyName="Steen Rein" PassportGivenName="Mille Isabell" PassportFamilyName="Steen Rein" PrintName="Mille Isabell Steen Rein" PrintInitialName="MI STEEN REIN" TVName="Mille Isabell STEEN REIN" TVInitialName="M  STEEN REIN" TVFamilyName="Steen Rein" Gender="F" Organisation="LIL" BirthDate="" Height="-" Nationality="LIL" MainFunctionId="AA01" Current="true" ModificationIndicator="U">
      <Discipline Code="FSK-------------------------------" IFId="9438660">
        <RegisteredEvent Event="FSKWSINGLES-OPVISN--01------------">
          <EventEntry Type="ENTRY" Code="SB" Pos="0" Value="-" />
          <EventEntry Type="ENTRY" Code="SB" Pos="1" Value="-" />
          <EventEntry Type="ENTRY" Code="SB" Pos="2" Value="-" />
          <EventEntry Type="ENTRY" Code="PB" Pos="0" Value="-" />
          <EventEntry Type="ENTRY" Code="PB" Pos="1" Value="-" />
          <EventEntry Type="ENTRY" Code="PB" Pos="2" Value="-" />
          <EventEntry Type="ER_EXTENDED" Code="ENTRY_ORDER" Pos="0" Value="0" />
          <EventEntry Type="ER_EXTENDED" Code="CLUB" Pos="1" />
          <EventEntry Type="ER_EXTENDED" Code="CLUB" Pos="2" />
          <EventEntry Type="ER_EXTENDED" Code="MUSIC" Pos="1" Value="" />
          <EventEntry Type="ER_EXTENDED" Code="MUSIC" Pos="2" Value="" />
          <EventEntry Type="ER_EXTENDED" Code="ELEMENT_CODE_FREE" Pos="1" Value="1S" />
          <EventEntry Type="ER_EXTENDED" Code="ELEMENT_CODE_FREE" Pos="2" Value="1T" />
          <EventEntry Type="ER_EXTENDED" Code="ELEMENT_CODE_FREE" Pos="3" Value="USp" />
          <EventEntry Type="ER_EXTENDED" Code="ELEMENT_CODE_FREE" Pos="4" Value="1T" />
          <EventEntry Type="ER_EXTENDED" Code="ELEMENT_CODE_FREE" Pos="5" Value="StSq" />
          <EventEntry Type="ER_EXTENDED" Code="ELEMENT_CODE_FREE" Pos="6" Value="USp" />
        </RegisteredEvent>
      </Discipline>
    </Participant>
    <Participant Code="9077466" Parent="9077466" Status="ACTIVE" GivenName="Yuewei" FamilyName="Li" PassportGivenName="Yuewei" PassportFamilyName="Li" PrintName="Yuewei Li" PrintInitialName="YU LI" TVName="Yuewei LI" TVInitialName="Y LI" TVFamilyName="Li" Gender="F" Organisation="BKK" BirthDate="" Height="-" Nationality="BKK" MainFunctionId="AA01" Current="true" ModificationIndicator="U">
      <Discipline Code="FSK-------------------------------" IFId="9077466">
        <RegisteredEvent Event="FSKWSINGLES-OPVISN--01------------">
          <EventEntry Type="ENTRY" Code="SB" Pos="0" Value="-" />
          <EventEntry Type="ENTRY" Code="SB" Pos="1" Value="-" />
          <EventEntry Type="ENTRY" Code="SB" Pos="2" Value="-" />
          <EventEntry Type="ENTRY" Code="PB" Pos="0" Value="-" />
          <EventEntry Type="ENTRY" Code="PB" Pos="1" Value="-" />
          <EventEntry Type="ENTRY" Code="PB" Pos="2" Value="-" />
          <EventEntry Type="ER_EXTENDED" Code="ENTRY_ORDER" Pos="0" Value="0" />
          <EventEntry Type="ER_EXTENDED" Code="CLUB" Pos="1" />
          <EventEntry Type="ER_EXTENDED" Code="CLUB" Pos="2" />
          <EventEntry Type="ER_EXTENDED" Code="MUSIC" Pos="1" Value="" />
          <EventEntry Type="ER_EXTENDED" Code="MUSIC" Pos="2" Value="" />
        </RegisteredEvent>
      </Discipline>
    </Participant>
    <Participant Code="9737012" Parent="9737012" Status="ACTIVE" GivenName="Hennie " FamilyName="Markestad" PassportGivenName="Hennie " PassportFamilyName="Markestad" PrintName="Hennie  Markestad" PrintInitialName="HE MARKESTAD" TVName="Hennie  MARKESTAD" TVInitialName="H MARKESTAD" TVFamilyName="Markestad" Gender="F" Organisation="BKK" BirthDate="" Height="-" Nationality="BKK" MainFunctionId="AA01" Current="true" ModificationIndicator="U">
      <Discipline Code="FSK-------------------------------" IFId="9737012">
        <RegisteredEvent Event="FSKWSINGLES-OPVISN--01------------">
          <EventEntry Type="ENTRY" Code="SB" Pos="0" Value="-" />
          <EventEntry Type="ENTRY" Code="SB" Pos="1" Value="-" />
          <EventEntry Type="ENTRY" Code="SB" Pos="2" Value="-" />
          <EventEntry Type="ENTRY" Code="PB" Pos="0" Value="-" />
          <EventEntry Type="ENTRY" Code="PB" Pos="1" Value="-" />
          <EventEntry Type="ENTRY" Code="PB" Pos="2" Value="-" />
          <EventEntry Type="ER_EXTENDED" Code="ENTRY_ORDER" Pos="0" Value="0" />
          <EventEntry Type="ER_EXTENDED" Code="CLUB" Pos="1" />
          <EventEntry Type="ER_EXTENDED" Code="CLUB" Pos="2" />
          <EventEntry Type="ER_EXTENDED" Code="MUSIC" Pos="1" Value="" />
          <EventEntry Type="ER_EXTENDED" Code="MUSIC" Pos="2" Value="" />
        </RegisteredEvent>
      </Discipline>
    </Participant>
    <Participant Code="9639788" Parent="9639788" Status="ACTIVE" GivenName="Eleanora" FamilyName="Egle" PassportGivenName="Eleanora" PassportFamilyName="Egle" PrintName="Eleanora Egle" PrintInitialName="EL EGLE" TVName="Eleanora EGLE" TVInitialName="E EGLE" TVFamilyName="Egle" Gender="F" Organisation="LIL" BirthDate="" Height="-" Nationality="LIL" MainFunctionId="AA01" Current="true" ModificationIndicator="U">
      <Discipline Code="FSK-------------------------------" IFId="9639788">
        <RegisteredEvent Event="FSKWSINGLES-OPVISN--01------------">
          <EventEntry Type="ENTRY" Code="SB" Pos="0" Value="-" />
          <EventEntry Type="ENTRY" Code="SB" Pos="1" Value="-" />
          <EventEntry Type="ENTRY" Code="SB" Pos="2" Value="-" />
          <EventEntry Type="ENTRY" Code="PB" Pos="0" Value="-" />
          <EventEntry Type="ENTRY" Code="PB" Pos="1" Value="-" />
          <EventEntry Type="ENTRY" Code="PB" Pos="2" Value="-" />
          <EventEntry Type="ER_EXTENDED" Code="ENTRY_ORDER" Pos="0" Value="0" />
          <EventEntry Type="ER_EXTENDED" Code="CLUB" Pos="1" />
          <EventEntry Type="ER_EXTENDED" Code="CLUB" Pos="2" />
          <EventEntry Type="ER_EXTENDED" Code="MUSIC" Pos="1" Value="" />
          <EventEntry Type="ER_EXTENDED" Code="MUSIC" Pos="2" Value="" />
        </RegisteredEvent>
      </Discipline>
    </Participant>
    <Participant Code="9432285" Parent="9432285" Status="ACTIVE" GivenName="Anne" FamilyName="Kristoffersen" PassportGivenName="Anne" PassportFamilyName="Kristoffersen" PrintName="Anne Kristoffersen" PrintInitialName="AN KRISTOFFERSEN" TVName="Anne KRISTOFFERSEN" TVInitialName="A KRISTOFFERSEN" TVFamilyName="Kristoffersen" Gender="F" Organisation="LIL" BirthDate="" Height="-" Nationality="LIL" MainFunctionId="AA01" Current="true" ModificationIndicator="U">
      <Discipline Code="FSK-------------------------------" IFId="9432285">
        <RegisteredEvent Event="FSKWSINGLES-OPVISN--01------------">
          <EventEntry Type="ENTRY" Code="SB" Pos="0" Value="-" />
          <EventEntry Type="ENTRY" Code="SB" Pos="1" Value="-" />
          <EventEntry Type="ENTRY" Code="SB" Pos="2" Value="-" />
          <EventEntry Type="ENTRY" Code="PB" Pos="0" Value="-" />
          <EventEntry Type="ENTRY" Code="PB" Pos="1" Value="-" />
          <EventEntry Type="ENTRY" Code="PB" Pos="2" Value="-" />
          <EventEntry Type="ER_EXTENDED" Code="ENTRY_ORDER" Pos="0" Value="0" />
          <EventEntry Type="ER_EXTENDED" Code="CLUB" Pos="1" />
          <EventEntry Type="ER_EXTENDED" Code="CLUB" Pos="2" />
          <EventEntry Type="ER_EXTENDED" Code="MUSIC" Pos="1" Value="" />
          <EventEntry Type="ER_EXTENDED" Code="MUSIC" Pos="2" Value="" />
          <EventEntry Type="ER_EXTENDED" Code="ELEMENT_CODE_FREE" Pos="1" Value="1A" />
        </RegisteredEvent>
      </Discipline>
    </Participant>
    <Participant Code="9638831" Parent="9638831" Status="ACTIVE" GivenName="Frida Qianlu" FamilyName="He" PassportGivenName="Frida Qianlu" PassportFamilyName="He" PrintName="Frida Qianlu He" PrintInitialName="FR HE" TVName="Frida Qianlu HE" TVInitialName="F HE" TVFamilyName="He" Gender="F" Organisation="LIL" BirthDate="" Height="-" Nationality="LIL" MainFunctionId="AA01" Current="true" ModificationIndicator="U">
      <Discipline Code="FSK-------------------------------" IFId="9638831">
        <RegisteredEvent Event="FSKWSINGLES-OPVISN--01------------">
          <EventEntry Type="ENTRY" Code="SB" Pos="0" Value="-" />
          <EventEntry Type="ENTRY" Code="SB" Pos="1" Value="-" />
          <EventEntry Type="ENTRY" Code="SB" Pos="2" Value="-" />
          <EventEntry Type="ENTRY" Code="PB" Pos="0" Value="-" />
          <EventEntry Type="ENTRY" Code="PB" Pos="1" Value="-" />
          <EventEntry Type="ENTRY" Code="PB" Pos="2" Value="-" />
          <EventEntry Type="ER_EXTENDED" Code="ENTRY_ORDER" Pos="0" Value="0" />
          <EventEntry Type="ER_EXTENDED" Code="CLUB" Pos="1" />
          <EventEntry Type="ER_EXTENDED" Code="CLUB" Pos="2" />
          <EventEntry Type="ER_EXTENDED" Code="MUSIC" Pos="1" Value="" />
          <EventEntry Type="ER_EXTENDED" Code="MUSIC" Pos="2" Value="" />
          <EventEntry Type="ER_EXTENDED" Code="ELEMENT_CODE_FREE" Pos="1" Value="1A" />
          <EventEntry Type="ER_EXTENDED" Code="ELEMENT_CODE_FREE" Pos="2" Value="2Lo" />
          <EventEntry Type="ER_EXTENDED" Code="ELEMENT_CODE_FREE" Pos="3" Value="USp" />
          <EventEntry Type="ER_EXTENDED" Code="ELEMENT_CODE_FREE" Pos="4" Value="T+T" />
          <EventEntry Type="ER_EXTENDED" Code="ELEMENT_CODE_FREE" Pos="5" Value="SSp" />
          <EventEntry Type="ER_EXTENDED" Code="ELEMENT_CODE_FREE" Pos="6" Value="F" />
          <EventEntry Type="ER_EXTENDED" Code="ELEMENT_CODE_FREE" Pos="7" Value="StSq" />
        </RegisteredEvent>
      </Discipline>
    </Participant>
    <Participant Code="9825577" Parent="9825577" Status="ACTIVE" GivenName="Amanda Ansnes " FamilyName="Lima" PassportGivenName="Amanda Ansnes " PassportFamilyName="Lima" PrintName="Amanda Ansnes  Lima" PrintInitialName="AM LIMA" TVName="Amanda Ansnes  LIMA" TVInitialName="A LIMA" TVFamilyName="Lima" Gender="F" Organisation="LIL" BirthDate="" Height="-" Nationality="LIL" MainFunctionId="AA01" Current="true" ModificationIndicator="U">
      <Discipline Code="FSK-------------------------------" IFId="9825577">
        <RegisteredEvent Event="FSKWSINGLES-OPVISN--01------------">
          <EventEntry Type="ENTRY" Code="SB" Pos="0" Value="-" />
          <EventEntry Type="ENTRY" Code="SB" Pos="1" Value="-" />
          <EventEntry Type="ENTRY" Code="SB" Pos="2" Value="-" />
          <EventEntry Type="ENTRY" Code="PB" Pos="0" Value="-" />
          <EventEntry Type="ENTRY" Code="PB" Pos="1" Value="-" />
          <EventEntry Type="ENTRY" Code="PB" Pos="2" Value="-" />
          <EventEntry Type="ER_EXTENDED" Code="ENTRY_ORDER" Pos="0" Value="0" />
          <EventEntry Type="ER_EXTENDED" Code="CLUB" Pos="1" />
          <EventEntry Type="ER_EXTENDED" Code="CLUB" Pos="2" />
          <EventEntry Type="ER_EXTENDED" Code="MUSIC" Pos="1" Value="" />
          <EventEntry Type="ER_EXTENDED" Code="MUSIC" Pos="2" Value="" />
        </RegisteredEvent>
      </Discipline>
    </Participant>
    <Participant Code="4082016" Parent="4082016" Status="ACTIVE" GivenName="Sara Barbro" FamilyName="Kyte" PassportGivenName="Sara Barbro" PassportFamilyName="Kyte" PrintName="Sara Barbro Kyte" PrintInitialName="SA KYTE" TVName="Sara Barbro KYTE" TVInitialName="S KYTE" TVFamilyName="Kyte" Gender="F" Organisation="FIL" BirthDate="" Height="-" Nationality="FIL" MainFunctionId="AA01" Current="true" ModificationIndicator="U">
      <Discipline Code="FSK-------------------------------" IFId="4082016">
        <RegisteredEvent Event="FSKWSINGLES-OPVISN--01------------">
          <EventEntry Type="ENTRY" Code="SB" Pos="0" Value="-" />
          <EventEntry Type="ENTRY" Code="SB" Pos="1" Value="-" />
          <EventEntry Type="ENTRY" Code="SB" Pos="2" Value="-" />
          <EventEntry Type="ENTRY" Code="PB" Pos="0" Value="-" />
          <EventEntry Type="ENTRY" Code="PB" Pos="1" Value="-" />
          <EventEntry Type="ENTRY" Code="PB" Pos="2" Value="-" />
          <EventEntry Type="ER_EXTENDED" Code="ENTRY_ORDER" Pos="0" Value="0" />
          <EventEntry Type="ER_EXTENDED" Code="CLUB" Pos="1" />
          <EventEntry Type="ER_EXTENDED" Code="CLUB" Pos="2" />
          <EventEntry Type="ER_EXTENDED" Code="MUSIC" Pos="1" Value="" />
          <EventEntry Type="ER_EXTENDED" Code="MUSIC" Pos="2" Value="" />
        </RegisteredEvent>
      </Discipline>
    </Participant>
    <Participant Code="9541191" Parent="9541191" Status="ACTIVE" GivenName="Mie Mariell " FamilyName="Sævereid " PassportGivenName="Mie Mariell " PassportFamilyName="Sævereid " PrintName="Mie Mariell  Sævereid " PrintInitialName="MI SÆVEREID " TVName="Mie Mariell  SÆVEREID " TVInitialName="ME SÆVEREID " TVFamilyName="Sævereid " Gender="F" Organisation="BKK" BirthDate="" Height="-" Nationality="BKK" MainFunctionId="AA01" Current="true" ModificationIndicator="U">
      <Discipline Code="FSK-------------------------------" IFId="9541191">
        <RegisteredEvent Event="FSKWSINGLES-OPVISN--01------------">
          <EventEntry Type="ENTRY" Code="SB" Pos="0" Value="-" />
          <EventEntry Type="ENTRY" Code="SB" Pos="1" Value="-" />
          <EventEntry Type="ENTRY" Code="SB" Pos="2" Value="-" />
          <EventEntry Type="ENTRY" Code="PB" Pos="0" Value="-" />
          <EventEntry Type="ENTRY" Code="PB" Pos="1" Value="-" />
          <EventEntry Type="ENTRY" Code="PB" Pos="2" Value="-" />
          <EventEntry Type="ER_EXTENDED" Code="ENTRY_ORDER" Pos="0" Value="0" />
          <EventEntry Type="ER_EXTENDED" Code="CLUB" Pos="1" />
          <EventEntry Type="ER_EXTENDED" Code="CLUB" Pos="2" />
          <EventEntry Type="ER_EXTENDED" Code="MUSIC" Pos="1" Value="" />
          <EventEntry Type="ER_EXTENDED" Code="MUSIC" Pos="2" Value="" />
          <EventEntry Type="ER_EXTENDED" Code="ELEMENT_CODE_FREE" Pos="1" Value="1F" />
          <EventEntry Type="ER_EXTENDED" Code="ELEMENT_CODE_FREE" Pos="2" Value="1S+1T" />
          <EventEntry Type="ER_EXTENDED" Code="ELEMENT_CODE_FREE" Pos="3" Value="USp" />
          <EventEntry Type="ER_EXTENDED" Code="ELEMENT_CODE_FREE" Pos="4" Value="1Lo" />
          <EventEntry Type="ER_EXTENDED" Code="ELEMENT_CODE_FREE" Pos="5" Value="SSp" />
          <EventEntry Type="ER_EXTENDED" Code="ELEMENT_CODE_FREE" Pos="6" Value="ChSq" />
          <EventEntry Type="ER_EXTENDED" Code="ELEMENT_CODE_FREE" Pos="7" Value="1F+1T" />
        </RegisteredEvent>
      </Discipline>
    </Participant>
    <Participant Code="10047210" Parent="10047210" Status="ACTIVE" GivenName="Camilla" FamilyName="Tveit" PassportGivenName="Camilla" PassportFamilyName="Tveit" PrintName="Camilla Tveit" PrintInitialName="CA TVEIT" TVName="Camilla TVEIT" TVInitialName="C TVEIT" TVFamilyName="Tveit" Gender="F" Organisation="LIL" BirthDate="" Height="-" Nationality="LIL" MainFunctionId="AA01" Current="true" ModificationIndicator="U">
      <Discipline Code="FSK-------------------------------" IFId="10047210">
        <RegisteredEvent Event="FSKWSINGLES-OPVISN--01------------">
          <EventEntry Type="ENTRY" Code="SB" Pos="0" Value="-" />
          <EventEntry Type="ENTRY" Code="SB" Pos="1" Value="-" />
          <EventEntry Type="ENTRY" Code="SB" Pos="2" Value="-" />
          <EventEntry Type="ENTRY" Code="PB" Pos="0" Value="-" />
          <EventEntry Type="ENTRY" Code="PB" Pos="1" Value="-" />
          <EventEntry Type="ENTRY" Code="PB" Pos="2" Value="-" />
          <EventEntry Type="ER_EXTENDED" Code="ENTRY_ORDER" Pos="0" Value="0" />
          <EventEntry Type="ER_EXTENDED" Code="CLUB" Pos="1" />
          <EventEntry Type="ER_EXTENDED" Code="CLUB" Pos="2" />
          <EventEntry Type="ER_EXTENDED" Code="MUSIC" Pos="1" Value="" />
          <EventEntry Type="ER_EXTENDED" Code="MUSIC" Pos="2" Value="" />
        </RegisteredEvent>
      </Discipline>
    </Participant>
    <Participant Code="9727172" Parent="9727172" Status="ACTIVE" GivenName="Valentina" FamilyName="Pinker-Spilde" PassportGivenName="Valentina" PassportFamilyName="Pinker-Spilde" PrintName="Valentina Pinker-Spilde" PrintInitialName="VA PINKER-SPILDE" TVName="Valentina PINKER-SPILDE" TVInitialName="V PINKER-SPILDE" TVFamilyName="Pinker-Spilde" Gender="F" Organisation="FIL" BirthDate="" Height="-" Nationality="FIL" MainFunctionId="AA01" Current="true" ModificationIndicator="U">
      <Discipline Code="FSK-------------------------------" IFId="9727172">
        <RegisteredEvent Event="FSKWSINGLES-OPVISN--01------------">
          <EventEntry Type="ENTRY" Code="SB" Pos="0" Value="-" />
          <EventEntry Type="ENTRY" Code="SB" Pos="1" Value="-" />
          <EventEntry Type="ENTRY" Code="SB" Pos="2" Value="-" />
          <EventEntry Type="ENTRY" Code="PB" Pos="0" Value="-" />
          <EventEntry Type="ENTRY" Code="PB" Pos="1" Value="-" />
          <EventEntry Type="ENTRY" Code="PB" Pos="2" Value="-" />
          <EventEntry Type="ER_EXTENDED" Code="ENTRY_ORDER" Pos="0" Value="0" />
          <EventEntry Type="ER_EXTENDED" Code="CLUB" Pos="1" />
          <EventEntry Type="ER_EXTENDED" Code="CLUB" Pos="2" />
          <EventEntry Type="ER_EXTENDED" Code="MUSIC" Pos="1" Value="" />
          <EventEntry Type="ER_EXTENDED" Code="MUSIC" Pos="2" Value="" />
          <EventEntry Type="ER_EXTENDED" Code="ELEMENT_CODE_FREE" Pos="1" Value="1T+1T" />
          <EventEntry Type="ER_EXTENDED" Code="ELEMENT_CODE_FREE" Pos="2" Value="Sp" />
          <EventEntry Type="ER_EXTENDED" Code="ELEMENT_CODE_FREE" Pos="3" Value="1S" />
          <EventEntry Type="ER_EXTENDED" Code="ELEMENT_CODE_FREE" Pos="4" Value="ChSq" />
          <EventEntry Type="ER_EXTENDED" Code="ELEMENT_CODE_FREE" Pos="5" Value="Sp" />
          <EventEntry Type="ER_EXTENDED" Code="ELEMENT_CODE_FREE" Pos="6" Value="1S+1T" />
          <EventEntry Type="ER_EXTENDED" Code="ELEMENT_CODE_FREE" Pos="7" Value="1T" />
        </RegisteredEvent>
      </Discipline>
    </Participant>
    <Participant Code="10234084" Parent="10234084" Status="ACTIVE" GivenName="Szofia" FamilyName="Papdi" PassportGivenName="Szofia" PassportFamilyName="Papdi" PrintName="Szofia Papdi" PrintInitialName="SZ PAPDI" TVName="Szofia PAPDI" TVInitialName="S PAPDI" TVFamilyName="Papdi" Gender="F" Organisation="BKK" BirthDate="" Height="-" Nationality="BKK" MainFunctionId="AA01" Current="true" ModificationIndicator="U">
      <Discipline Code="FSK-------------------------------" IFId="10234084">
        <RegisteredEvent Event="FSKWSINGLES-OPVISN--01------------">
          <EventEntry Type="ENTRY" Code="SB" Pos="0" Value="-" />
          <EventEntry Type="ENTRY" Code="SB" Pos="1" Value="-" />
          <EventEntry Type="ENTRY" Code="SB" Pos="2" Value="-" />
          <EventEntry Type="ENTRY" Code="PB" Pos="0" Value="-" />
          <EventEntry Type="ENTRY" Code="PB" Pos="1" Value="-" />
          <EventEntry Type="ENTRY" Code="PB" Pos="2" Value="-" />
          <EventEntry Type="ER_EXTENDED" Code="ENTRY_ORDER" Pos="0" Value="0" />
          <EventEntry Type="ER_EXTENDED" Code="CLUB" Pos="1" />
          <EventEntry Type="ER_EXTENDED" Code="CLUB" Pos="2" />
          <EventEntry Type="ER_EXTENDED" Code="MUSIC" Pos="1" Value="" />
          <EventEntry Type="ER_EXTENDED" Code="MUSIC" Pos="2" Value="" />
          <EventEntry Type="ER_EXTENDED" Code="ELEMENT_CODE_SHORT" Pos="1" />
          <EventEntry Type="ER_EXTENDED" Code="ELEMENT_CODE_SHORT" Pos="2" />
          <EventEntry Type="ER_EXTENDED" Code="ELEMENT_CODE_SHORT" Pos="3" />
          <EventEntry Type="ER_EXTENDED" Code="ELEMENT_CODE_SHORT" Pos="4" />
          <EventEntry Type="ER_EXTENDED" Code="ELEMENT_CODE_SHORT" Pos="5" />
          <EventEntry Type="ER_EXTENDED" Code="ELEMENT_CODE_SHORT" Pos="6" />
          <EventEntry Type="ER_EXTENDED" Code="ELEMENT_CODE_SHORT" Pos="7" />
          <EventEntry Type="ER_EXTENDED" Code="ELEMENT_CODE_SHORT" Pos="7" />
          <EventEntry Type="ER_EXTENDED" Code="ELEMENT_CODE_FREE" Pos="1" />
          <EventEntry Type="ER_EXTENDED" Code="ELEMENT_CODE_FREE" Pos="2" />
          <EventEntry Type="ER_EXTENDED" Code="ELEMENT_CODE_FREE" Pos="3" />
          <EventEntry Type="ER_EXTENDED" Code="ELEMENT_CODE_FREE" Pos="4" />
          <EventEntry Type="ER_EXTENDED" Code="ELEMENT_CODE_FREE" Pos="5" />
          <EventEntry Type="ER_EXTENDED" Code="ELEMENT_CODE_FREE" Pos="6" />
          <EventEntry Type="ER_EXTENDED" Code="ELEMENT_CODE_FREE" Pos="7" />
          <EventEntry Type="ER_EXTENDED" Code="ELEMENT_CODE_FREE" Pos="8" />
          <EventEntry Type="ER_EXTENDED" Code="ELEMENT_CODE_FREE" Pos="9" />
          <EventEntry Type="ER_EXTENDED" Code="ELEMENT_CODE_FREE" Pos="10" />
          <EventEntry Type="ER_EXTENDED" Code="ELEMENT_CODE_FREE" Pos="11" />
          <EventEntry Type="ER_EXTENDED" Code="ELEMENT_CODE_FREE" Pos="12" />
          <EventEntry Type="ER_EXTENDED" Code="ELEMENT_CODE_FREE" Pos="13" />
        </RegisteredEvent>
      </Discipline>
    </Participant>
    <Participant Code="9655458" Parent="9655458" Status="ACTIVE" GivenName="Elena Sophia" FamilyName="Sandnes-Strømmen " PassportGivenName="Elena Sophia" PassportFamilyName="Sandnes-Strømmen " PrintName="Elena Sophia Sandnes-Strømmen " PrintInitialName="EL SANDNES-STRØMMEN " TVName="Elena Sophia SANDNES-STRØMMEN " TVInitialName="E SANDNES-STRØMMEN " TVFamilyName="Sandnes-Strømmen " Gender="F" Organisation="FIL" BirthDate="" Height="-" Nationality="FIL" MainFunctionId="AA01" Current="true" ModificationIndicator="U">
      <Discipline Code="FSK-------------------------------" IFId="9655458">
        <RegisteredEvent Event="FSKWSINGLES-OPVISN--01------------">
          <EventEntry Type="ENTRY" Code="SB" Pos="0" Value="-" />
          <EventEntry Type="ENTRY" Code="SB" Pos="1" Value="-" />
          <EventEntry Type="ENTRY" Code="SB" Pos="2" Value="-" />
          <EventEntry Type="ENTRY" Code="PB" Pos="0" Value="-" />
          <EventEntry Type="ENTRY" Code="PB" Pos="1" Value="-" />
          <EventEntry Type="ENTRY" Code="PB" Pos="2" Value="-" />
          <EventEntry Type="ER_EXTENDED" Code="ENTRY_ORDER" Pos="0" Value="0" />
          <EventEntry Type="ER_EXTENDED" Code="CLUB" Pos="1" />
          <EventEntry Type="ER_EXTENDED" Code="CLUB" Pos="2" />
          <EventEntry Type="ER_EXTENDED" Code="MUSIC" Pos="1" Value="" />
          <EventEntry Type="ER_EXTENDED" Code="MUSIC" Pos="2" Value="" />
          <EventEntry Type="ER_EXTENDED" Code="ELEMENT_CODE_SHORT" Pos="1" />
          <EventEntry Type="ER_EXTENDED" Code="ELEMENT_CODE_SHORT" Pos="2" />
          <EventEntry Type="ER_EXTENDED" Code="ELEMENT_CODE_SHORT" Pos="3" />
          <EventEntry Type="ER_EXTENDED" Code="ELEMENT_CODE_SHORT" Pos="4" />
          <EventEntry Type="ER_EXTENDED" Code="ELEMENT_CODE_SHORT" Pos="5" />
          <EventEntry Type="ER_EXTENDED" Code="ELEMENT_CODE_SHORT" Pos="6" />
          <EventEntry Type="ER_EXTENDED" Code="ELEMENT_CODE_SHORT" Pos="7" />
          <EventEntry Type="ER_EXTENDED" Code="ELEMENT_CODE_SHORT" Pos="7" />
          <EventEntry Type="ER_EXTENDED" Code="ELEMENT_CODE_FREE" Pos="1" />
          <EventEntry Type="ER_EXTENDED" Code="ELEMENT_CODE_FREE" Pos="2" />
          <EventEntry Type="ER_EXTENDED" Code="ELEMENT_CODE_FREE" Pos="3" />
          <EventEntry Type="ER_EXTENDED" Code="ELEMENT_CODE_FREE" Pos="4" />
          <EventEntry Type="ER_EXTENDED" Code="ELEMENT_CODE_FREE" Pos="5" />
          <EventEntry Type="ER_EXTENDED" Code="ELEMENT_CODE_FREE" Pos="6" />
          <EventEntry Type="ER_EXTENDED" Code="ELEMENT_CODE_FREE" Pos="7" />
          <EventEntry Type="ER_EXTENDED" Code="ELEMENT_CODE_FREE" Pos="8" />
          <EventEntry Type="ER_EXTENDED" Code="ELEMENT_CODE_FREE" Pos="9" />
          <EventEntry Type="ER_EXTENDED" Code="ELEMENT_CODE_FREE" Pos="10" />
          <EventEntry Type="ER_EXTENDED" Code="ELEMENT_CODE_FREE" Pos="11" />
          <EventEntry Type="ER_EXTENDED" Code="ELEMENT_CODE_FREE" Pos="12" />
          <EventEntry Type="ER_EXTENDED" Code="ELEMENT_CODE_FREE" Pos="13" />
        </RegisteredEvent>
      </Discipline>
    </Participant>
    <Participant Code="9865886" Parent="9865886" Status="ACTIVE" GivenName="Angela" FamilyName="Chen" PassportGivenName="Angela" PassportFamilyName="Chen" PrintName="Angela Chen" PrintInitialName="AN CHEN" TVName="Angela CHEN" TVInitialName="A CHEN" TVFamilyName="Chen" Gender="F" Organisation="FIL" BirthDate="" Height="-" Nationality="FIL" MainFunctionId="AA01" Current="true" ModificationIndicator="U">
      <Discipline Code="FSK-------------------------------" IFId="9865886">
        <RegisteredEvent Event="FSKWSINGLES-OPVISN--01------------">
          <EventEntry Type="ENTRY" Code="SB" Pos="0" Value="-" />
          <EventEntry Type="ENTRY" Code="SB" Pos="1" Value="-" />
          <EventEntry Type="ENTRY" Code="SB" Pos="2" Value="-" />
          <EventEntry Type="ENTRY" Code="PB" Pos="0" Value="-" />
          <EventEntry Type="ENTRY" Code="PB" Pos="1" Value="-" />
          <EventEntry Type="ENTRY" Code="PB" Pos="2" Value="-" />
          <EventEntry Type="ER_EXTENDED" Code="ENTRY_ORDER" Pos="0" Value="0" />
          <EventEntry Type="ER_EXTENDED" Code="CLUB" Pos="1" />
          <EventEntry Type="ER_EXTENDED" Code="CLUB" Pos="2" />
          <EventEntry Type="ER_EXTENDED" Code="MUSIC" Pos="1" Value="" />
          <EventEntry Type="ER_EXTENDED" Code="MUSIC" Pos="2" Value="" />
          <EventEntry Type="ER_EXTENDED" Code="ELEMENT_CODE_SHORT" Pos="1" />
          <EventEntry Type="ER_EXTENDED" Code="ELEMENT_CODE_SHORT" Pos="2" />
          <EventEntry Type="ER_EXTENDED" Code="ELEMENT_CODE_SHORT" Pos="3" />
          <EventEntry Type="ER_EXTENDED" Code="ELEMENT_CODE_SHORT" Pos="4" />
          <EventEntry Type="ER_EXTENDED" Code="ELEMENT_CODE_SHORT" Pos="5" />
          <EventEntry Type="ER_EXTENDED" Code="ELEMENT_CODE_SHORT" Pos="6" />
          <EventEntry Type="ER_EXTENDED" Code="ELEMENT_CODE_SHORT" Pos="7" />
          <EventEntry Type="ER_EXTENDED" Code="ELEMENT_CODE_SHORT" Pos="7" />
          <EventEntry Type="ER_EXTENDED" Code="ELEMENT_CODE_FREE" Pos="1" Value="1T" />
          <EventEntry Type="ER_EXTENDED" Code="ELEMENT_CODE_FREE" Pos="2" Value="USp" />
          <EventEntry Type="ER_EXTENDED" Code="ELEMENT_CODE_FREE" Pos="3" Value="ChSq" />
          <EventEntry Type="ER_EXTENDED" Code="ELEMENT_CODE_FREE" Pos="4" Value="1Lz" />
          <EventEntry Type="ER_EXTENDED" Code="ELEMENT_CODE_FREE" Pos="5" Value="1Lz" />
          <EventEntry Type="ER_EXTENDED" Code="ELEMENT_CODE_FREE" Pos="6" Value="1S" />
          <EventEntry Type="ER_EXTENDED" Code="ELEMENT_CODE_FREE" Pos="7" Value="1F" />
          <EventEntry Type="ER_EXTENDED" Code="ELEMENT_CODE_FREE" Pos="8" Value="USp" />
        </RegisteredEvent>
      </Discipline>
    </Participant>
    <Participant Code="10190490" Parent="10190490" Status="ACTIVE" GivenName="Emilie" FamilyName="Morseth" PassportGivenName="Emilie" PassportFamilyName="Morseth" PrintName="Emilie Morseth" PrintInitialName="EM MORSETH" TVName="Emilie MORSETH" TVInitialName="E MORSETH" TVFamilyName="Morseth" Gender="F" Organisation="FIL" BirthDate="" Height="-" Nationality="FIL" MainFunctionId="AA01" Current="true" ModificationIndicator="U">
      <Discipline Code="FSK-------------------------------" IFId="10190490">
        <RegisteredEvent Event="FSKWSINGLES-OPVISN--01------------">
          <EventEntry Type="ENTRY" Code="SB" Pos="0" Value="-" />
          <EventEntry Type="ENTRY" Code="SB" Pos="1" Value="-" />
          <EventEntry Type="ENTRY" Code="SB" Pos="2" Value="-" />
          <EventEntry Type="ENTRY" Code="PB" Pos="0" Value="-" />
          <EventEntry Type="ENTRY" Code="PB" Pos="1" Value="-" />
          <EventEntry Type="ENTRY" Code="PB" Pos="2" Value="-" />
          <EventEntry Type="ER_EXTENDED" Code="ENTRY_ORDER" Pos="0" Value="0" />
          <EventEntry Type="ER_EXTENDED" Code="CLUB" Pos="1" />
          <EventEntry Type="ER_EXTENDED" Code="CLUB" Pos="2" />
          <EventEntry Type="ER_EXTENDED" Code="MUSIC" Pos="1" Value="" />
          <EventEntry Type="ER_EXTENDED" Code="MUSIC" Pos="2" Value="" />
          <EventEntry Type="ER_EXTENDED" Code="ELEMENT_CODE_FREE" Pos="1" Value="1S+1T" />
          <EventEntry Type="ER_EXTENDED" Code="ELEMENT_CODE_FREE" Pos="2" Value="USp" />
          <EventEntry Type="ER_EXTENDED" Code="ELEMENT_CODE_FREE" Pos="3" Value="1T+1T" />
          <EventEntry Type="ER_EXTENDED" Code="ELEMENT_CODE_FREE" Pos="4" Value="ChSq" />
          <EventEntry Type="ER_EXTENDED" Code="ELEMENT_CODE_FREE" Pos="5" Value="1T" />
          <EventEntry Type="ER_EXTENDED" Code="ELEMENT_CODE_FREE" Pos="6" Value="1S" />
          <EventEntry Type="ER_EXTENDED" Code="ELEMENT_CODE_FREE" Pos="7" Value="USp" />
        </RegisteredEvent>
      </Discipline>
    </Participant>
    <Participant Code="9583455" Parent="9583455" Status="ACTIVE" GivenName="Aurelia" FamilyName="Landschulze" PassportGivenName="Aurelia" PassportFamilyName="Landschulze" PrintName="Aurelia Landschulze" PrintInitialName="AU LANDSCHULZE" TVName="Aurelia LANDSCHULZE" TVInitialName="A LANDSCHULZE" TVFamilyName="Landschulze" Gender="F" Organisation="FIL" BirthDate="" Height="-" Nationality="FIL" MainFunctionId="AA01" Current="true" ModificationIndicator="U">
      <Discipline Code="FSK-------------------------------" IFId="9583455">
        <RegisteredEvent Event="FSKWSINGLES-OPVISN--01------------">
          <EventEntry Type="ENTRY" Code="SB" Pos="0" Value="-" />
          <EventEntry Type="ENTRY" Code="SB" Pos="1" Value="-" />
          <EventEntry Type="ENTRY" Code="SB" Pos="2" Value="-" />
          <EventEntry Type="ENTRY" Code="PB" Pos="0" Value="-" />
          <EventEntry Type="ENTRY" Code="PB" Pos="1" Value="-" />
          <EventEntry Type="ENTRY" Code="PB" Pos="2" Value="-" />
          <EventEntry Type="ER_EXTENDED" Code="ENTRY_ORDER" Pos="0" Value="0" />
          <EventEntry Type="ER_EXTENDED" Code="CLUB" Pos="1" />
          <EventEntry Type="ER_EXTENDED" Code="CLUB" Pos="2" />
          <EventEntry Type="ER_EXTENDED" Code="MUSIC" Pos="1" Value="" />
          <EventEntry Type="ER_EXTENDED" Code="MUSIC" Pos="2" Value="" />
          <EventEntry Type="ER_EXTENDED" Code="ELEMENT_CODE_FREE" Pos="1" Value="StSq" />
          <EventEntry Type="ER_EXTENDED" Code="ELEMENT_CODE_FREE" Pos="2" Value="S" />
          <EventEntry Type="ER_EXTENDED" Code="ELEMENT_CODE_FREE" Pos="3" Value="StSq" />
          <EventEntry Type="ER_EXTENDED" Code="ELEMENT_CODE_FREE" Pos="4" Value="A" />
          <EventEntry Type="ER_EXTENDED" Code="ELEMENT_CODE_FREE" Pos="5" Value="USp" />
          <EventEntry Type="ER_EXTENDED" Code="ELEMENT_CODE_FREE" Pos="6" Value="StSq" />
          <EventEntry Type="ER_EXTENDED" Code="ELEMENT_CODE_FREE" Pos="7" Value="USp" />
          <EventEntry Type="ER_EXTENDED" Code="ELEMENT_CODE_FREE" Pos="8" Value="StSq" />
          <EventEntry Type="ER_EXTENDED" Code="ELEMENT_CODE_FREE" Pos="9" Value="T" />
        </RegisteredEvent>
      </Discipline>
    </Participant>
  </Competition>
</OdfBody>